5.039890408515930176e-01,-1.347428560256958008e+00,2.246580362319946289e+00
1.189143657684326172e+00,1.060121297836303711e+00,1.211041092872619629e+00
4.671474933624267578e+00,3.601227402687072754e-01,2.574835777282714844e+00
5.220410823822021484e-01,-9.836614131927490234e-01,9.223460555076599121e-01
3.944600582122802734e+00,-1.764385104179382324e+00,-7.481240630149841309e-01
2.342999935150146484e+00,-1.522903919219970703e+00,-2.432626962661743164e+00
6.459446549415588379e-01,1.854274392127990723e+00,-1.389802932739257812e+00
2.512143254280090332e-01,-1.318992674350738525e-02,3.275302410125732422e+00
1.727833986282348633e+00,-1.013857483863830566e+00,1.868445038795471191e+00
1.435942173004150391e+00,1.617747187614440918e+00,2.474996328353881836e+00
7.339053153991699219e-01,2.373572349548339844e+00,2.628633975982666016e+00
2.191795110702514648e-01,2.508651733398437500e+00,8.856433033943176270e-01
6.212363243103027344e-01,1.891622841358184814e-01,-1.509605884552001953e+00
8.201394081115722656e-01,1.774687647819519043e+00,-4.936000704765319824e-01
6.882530450820922852e-01,1.629038095474243164e+00,1.750580906867980957e+00
2.103230357170104980e-01,2.960122823715209961e-01,1.555286526679992676e+00
2.037002801895141602e+00,1.773316502571105957e+00,-6.659376621246337891e-02
3.725962162017822266e+00,-1.595488071441650391e+00,1.390562295913696289e+00
1.335399150848388672e-01,-1.968306660652160645e+00,-6.987788081169128418e-01
1.180568337440490723e+00,2.091272354125976562e+00,-2.579786777496337891e+00
1.907651782035827637e+00,-1.312291145324707031e+00,2.439040899276733398e+00
8.416685461997985840e-01,-4.797806739807128906e-01,2.425341129302978516e+00
1.095497369766235352e+00,1.338075697422027588e-01,1.032516062259674072e-01
2.303901195526123047e+00,-1.147815108299255371e+00,2.073776245117187500e+00
2.345694065093994141e+00,2.542697787284851074e-01,2.428461790084838867e+00
2.988373517990112305e+00,3.559889793395996094e-01,-1.969507098197937012e+00
8.592281341552734375e-01,1.408035159111022949e+00,1.596587181091308594e+00
5.792758464813232422e-01,-1.394079327583312988e+00,5.211308002471923828e-01
5.876723527908325195e-01,-1.672163486480712891e+00,9.585632681846618652e-01
7.095156311988830566e-01,6.815191507339477539e-01,-2.251904487609863281e+00
1.397830724716186523e+00,-1.840135216712951660e+00,-8.992484211921691895e-01
1.340195417404174805e+00,-1.920213818550109863e+00,1.191057801246643066e+00
6.271251440048217773e-01,1.343985199928283691e-01,-2.577793598175048828e+00
5.184132456779479980e-01,1.546314954757690430e+00,-1.144565463066101074e+00
2.938635826110839844e+00,-1.236602067947387695e-01,2.487618923187255859e+00
1.428214073181152344e+00,-6.096271276473999023e-01,-2.284241914749145508e+00
1.098314881324768066e+00,1.297150254249572754e-01,2.519402742385864258e+00
8.983894586563110352e-01,1.598462104797363281e+00,-1.423715949058532715e+00
5.981575250625610352e-01,-9.132440090179443359e-01,2.523122549057006836e+00
1.994362473487854004e-01,1.702189743518829346e-01,3.149223923683166504e-01
1.520752906799316406e+00,8.104227781295776367e-01,-1.058076143264770508e+00
1.153004169464111328e-01,2.329479753971099854e-01,-9.838447570800781250e-01
1.081169724464416504e+00,8.893680572509765625e-02,4.380647838115692139e-02
4.854605674743652344e+00,6.083272099494934082e-01,2.271884918212890625e+00
1.901265382766723633e+00,8.760772943496704102e-01,-8.813135027885437012e-01
4.699238538742065430e-01,-5.058712959289550781e-01,2.563941240310668945e+00
5.273236036300659180e-01,-5.227327346801757812e-05,-2.624141216278076172e+00
1.433479666709899902e+00,1.346581339836120605e+00,1.551362425088882446e-01
6.458643674850463867e-01,-1.754477500915527344e+00,9.359923005104064941e-02
4.825553894042968750e+00,8.672111034393310547e-01,-6.814485788345336914e-02
2.437729358673095703e+00,2.878116965293884277e-01,1.227488279342651367e+00
9.817467331886291504e-01,5.449974536895751953e-02,7.523544430732727051e-01
6.675026416778564453e-01,-8.028933405876159668e-01,-1.071811079978942871e+00
3.283553123474121094e-01,-1.800461173057556152e+00,-2.009320974349975586e+00
2.386677265167236328e-01,8.908708095550537109e-01,2.042158097028732300e-01
1.413853645324707031e+00,-1.463157653808593750e+00,2.625622987747192383e+00
6.571061015129089355e-01,2.590537071228027344e-01,-2.479793548583984375e+00
1.320576786994934082e+00,-1.244575023651123047e+00,-2.785550594329833984e+00
3.057923793792724609e+00,1.874703764915466309e+00,-4.462516307830810547e-01
4.050673544406890869e-01,-7.524566054344177246e-01,2.623791694641113281e+00
9.935216903686523438e-01,-2.156478881835937500e+00,-8.262619972229003906e-01
7.292650938034057617e-01,1.366941452026367188e+00,6.616913676261901855e-01
2.233965873718261719e+00,6.609073281288146973e-01,2.161834955215454102e+00
9.238153696060180664e-01,9.970692396163940430e-01,-1.115588665008544922e+00
6.414766907691955566e-01,-1.979710161685943604e-01,-1.843368858098983765e-01
8.706843852996826172e-01,2.423471212387084961e-02,-1.998455047607421875e+00
4.770580530166625977e-01,-4.860605895519256592e-01,2.912632226943969727e+00
2.542659282684326172e+00,1.013628542423248291e-01,5.492321848869323730e-01
1.318524360656738281e+00,1.672337651252746582e-01,-6.222347021102905273e-01
5.795003890991210938e+00,8.970444202423095703e-01,1.914017081260681152e+00
6.637175083160400391e-01,1.458621740341186523e+00,8.076382279396057129e-01
1.932177424430847168e+00,1.636515855789184570e+00,-2.653832435607910156e-01
1.393520951271057129e+00,1.505029916763305664e+00,2.408474534749984741e-01
1.883177280426025391e+00,-1.388572812080383301e+00,2.536599874496459961e+00
7.494075298309326172e-01,-7.394884824752807617e-01,2.418485164642333984e+00
1.244568228721618652e+00,1.197280883789062500e+00,-1.146772727370262146e-01
4.620420634746551514e-01,-1.953788399696350098e+00,-2.177110910415649414e+00
2.873019218444824219e+00,-1.452068209648132324e+00,-2.020160198211669922e+00
8.434082984924316406e+00,-1.044741034507751465e+00,3.913374543190002441e-01
1.964313387870788574e-01,-1.492980271577835083e-01,-2.157138139009475708e-01
7.301834821701049805e-01,1.374533772468566895e+00,-2.331164121627807617e+00
2.289389848709106445e+00,9.577031135559082031e-01,2.122247695922851562e+00
5.638313293457031250e-01,1.325419068336486816e+00,-8.703471422195434570e-01
6.508392095565795898e-01,1.168239474296569824e+00,7.507790923118591309e-01
6.332219839096069336e-01,-9.707001447677612305e-01,7.157462835311889648e-02
6.639717221260070801e-01,-1.723834753036499023e+00,-2.744933605194091797e+00
3.626858592033386230e-01,-2.323125004768371582e-01,1.160069942474365234e+00
2.687122821807861328e-01,-4.091404080390930176e-01,-1.541745662689208984e+00
2.511985301971435547e-01,-5.708671808242797852e-01,-1.437559485435485840e+00
8.121750354766845703e-01,-6.922062039375305176e-01,2.244935274124145508e+00
9.761838316917419434e-01,6.810678243637084961e-01,7.560420036315917969e-02
1.849955797195434570e+00,-1.053858160972595215e+00,1.412954181432723999e-01
4.184414863586425781e+00,-8.313123881816864014e-02,-3.741316199302673340e-01
2.725160121917724609e-01,-5.650613903999328613e-01,2.978912830352783203e+00
6.083852648735046387e-01,1.327027559280395508e+00,-2.699581146240234375e+00
1.873707771301269531e+00,-5.691214799880981445e-01,-1.608340740203857422e+00
4.181260108947753906e+00,1.275764107704162598e+00,1.820613265037536621e+00
1.760022997856140137e+00,-1.000815391540527344e+00,2.551722526550292969e-01
1.557531595230102539e+00,-8.348879814147949219e-01,-2.667186021804809570e+00
8.891678452491760254e-01,-1.169836282730102539e+00,1.306459784507751465e+00
4.181021690368652344e+00,-2.101471424102783203e-01,-2.137111425399780273e+00
2.191573381423950195e+00,-2.247888892889022827e-01,1.480375766754150391e+00
4.672475755214691162e-01,1.010418295860290527e+00,2.528806447982788086e+00
1.689486026763916016e+00,-1.130024909973144531e+00,-1.526687264442443848e+00
2.445386886596679688e+00,3.265967369079589844e-01,2.403980731964111328e+00
5.370195508003234863e-01,-1.030868172645568848e+00,-1.129407137632369995e-01
1.402250766754150391e+00,3.092040419578552246e-01,-1.451796650886535645e+00
7.260674834251403809e-01,3.883891105651855469e-01,-7.028424739837646484e-01
2.071529388427734375e+00,2.080285549163818359e+00,-2.464870452880859375e+00
3.482115268707275391e-01,-5.172385573387145996e-01,2.707156419754028320e+00
1.210567116737365723e+00,3.948258757591247559e-01,-2.366770029067993164e+00
6.066702604293823242e-01,1.897344708442687988e+00,-1.392859697341918945e+00
1.978787064552307129e+00,-6.071593761444091797e-01,-2.668421268463134766e+00
1.783884763717651367e+00,3.978809714317321777e-01,-8.285968899726867676e-01
1.923429965972900391e+00,-1.411587834358215332e+00,-4.039170742034912109e-01
9.999788999557495117e-01,-4.622497260570526123e-01,2.294090270996093750e+00
2.400478124618530273e+00,-6.401788592338562012e-01,-1.373173236846923828e+00
9.994487762451171875e-01,2.802065014839172363e-01,2.603859901428222656e+00
2.327666521072387695e+00,3.137889504432678223e-01,-1.735533624887466431e-01
1.919844627380371094e+00,5.650076270103454590e-01,-2.326930522918701172e+00
4.492487311363220215e-01,-1.008720874786376953e+00,2.782047510147094727e+00
1.449355125427246094e+00,1.663173317909240723e+00,-2.365475893020629883e+00
4.947620391845703125e+00,-1.686595439910888672e+00,-2.039685010910034180e+00
3.936732530593872070e+00,1.533077716827392578e+00,7.148516774177551270e-01
2.176383256912231445e+00,-2.722514867782592773e-01,6.622405648231506348e-01
1.870376586914062500e+00,1.693056464195251465e+00,1.582534611225128174e-02
7.821298837661743164e-01,1.203477382659912109e-01,-2.669522047042846680e+00
9.079102873802185059e-01,-1.528779625892639160e+00,-2.762193918228149414e+00
4.252704143524169922e+00,1.811229825019836426e+00,-5.201016664505004883e-01
8.246899843215942383e-01,-1.778412103652954102e+00,2.650362968444824219e+00
7.103464126586914062e+00,-9.333900213241577148e-01,5.674318075180053711e-01
3.173136711120605469e-01,1.304798245429992676e+00,-9.984750151634216309e-01
2.313434123992919922e+00,-1.071656107902526855e+00,-8.279308676719665527e-04
6.464889645576477051e-01,9.248133897781372070e-01,2.965725898742675781e+00
9.707207679748535156e-01,1.615576982498168945e+00,-3.678331673145294189e-01
2.608391046524047852e+00,-1.080506324768066406e+00,-1.840317130088806152e+00
1.069999885559082031e+01,1.431513130664825439e-01,2.729377031326293945e+00
5.634321570396423340e-01,-1.203536510467529297e+00,-1.793064236640930176e+00
9.311178922653198242e-01,3.602826595306396484e-01,1.795453876256942749e-01
1.598099470138549805e+00,-5.300084352493286133e-01,2.719833254814147949e-01
2.316651344299316406e+00,3.402991294860839844e-01,2.919578790664672852e+00
5.960701107978820801e-01,-1.095972776412963867e+00,1.380525976419448853e-01
1.701250314712524414e+00,-7.128969430923461914e-01,-6.835482120513916016e-01
1.492910385131835938e+00,1.199004530906677246e+00,-2.573770046234130859e+00
3.828198671340942383e+00,-7.281630039215087891e-01,2.614757061004638672e+00
3.227000474929809570e+00,-1.298381328582763672e+00,-2.877334833145141602e+00
5.771255493164062500e-01,-1.087668299674987793e+00,-3.610821962356567383e-01
7.404367327690124512e-01,1.592651605606079102e-01,-2.543596744537353516e+00
1.241067528724670410e+00,2.208607792854309082e-01,-1.725290864706039429e-01
5.443560600280761719e+00,-9.385369420051574707e-01,-1.637619733810424805e+00
1.115326046943664551e+00,-3.078065514564514160e-01,-1.639117240905761719e+00
3.176848292350769043e-01,5.644358992576599121e-01,-1.719304084777832031e+00
5.074961781501770020e-01,-1.773665547370910645e+00,1.100353956222534180e+00
2.436683893203735352e+00,1.704355835914611816e+00,6.342931389808654785e-01
7.417061924934387207e-01,1.928329586982727051e+00,-4.964948296546936035e-01
2.742567062377929688e-01,-1.453457355499267578e+00,-1.170647740364074707e+00
6.123517990112304688e+00,-6.695971488952636719e-01,2.673692464828491211e+00
6.070089340209960938e-01,-1.546025753021240234e+00,-2.008691310882568359e+00
1.745961904525756836e+00,-1.157960891723632812e+00,2.098973512649536133e+00
3.923150897026062012e-01,-3.342802524566650391e-01,8.420276641845703125e-02
4.478476047515869141e+00,1.442840337753295898e+00,1.721356391906738281e+00
3.948302268981933594e+00,-1.768157958984375000e+00,-7.521058320999145508e-01
5.227286815643310547e-01,-9.787722229957580566e-01,9.258692860603332520e-01
6.536244153976440430e-01,1.846517443656921387e+00,-1.387856841087341309e+00
4.405226230621337891e+00,9.759793281555175781e-01,-2.668920993804931641e+00
1.743005275726318359e+00,-9.947639703750610352e-01,1.855728745460510254e+00
2.487547397613525391e-01,-1.374039053916931152e-02,3.276878833770751953e+00
1.283119201660156250e+00,-1.916016936302185059e+00,1.293781280517578125e+00
1.467647314071655273e+00,1.607886075973510742e+00,2.492626190185546875e+00
1.912399411201477051e+00,-9.312080144882202148e-01,-6.016489267349243164e-01
2.879835844039916992e+00,1.674975752830505371e+00,-2.395782470703125000e+00
2.934803962707519531e+00,1.905050396919250488e+00,2.695477724075317383e+00
1.606451272964477539e+00,-1.633409023284912109e+00,-7.550702691078186035e-01
2.097527980804443359e+00,7.396723031997680664e-01,2.878484964370727539e+00
2.928936719894409180e+00,1.836051106452941895e+00,2.596306324005126953e+00
6.344401836395263672e-01,1.963463723659515381e-01,-1.511467218399047852e+00
2.195996046066284180e-01,2.944142222404479980e-01,1.565228819847106934e+00
1.111114621162414551e+00,4.748265743255615234e-01,-5.321727693080902100e-02
1.906491041183471680e+00,-1.313273906707763672e+00,2.436876535415649414e+00
1.096598863601684570e+00,1.332493126392364502e-01,1.027860045433044434e-01
2.305482864379882812e+00,-1.157187700271606445e+00,2.083759307861328125e+00
1.597849845886230469e+00,-1.222712755203247070e+00,2.563953399658203125e+00
2.987573862075805664e+00,3.565989732742309570e-01,-1.971785426139831543e+00
1.460633277893066406e+00,-7.928606867790222168e-02,-2.393514871597290039e+00
5.803536176681518555e-01,-1.391198158264160156e+00,5.174275040626525879e-01
1.809286713600158691e+00,-1.342917680740356445e+00,2.602268457412719727e+00
7.106844782829284668e-01,6.804251074790954590e-01,-2.251057386398315430e+00
1.330718278884887695e+00,-1.912332415580749512e+00,1.189118623733520508e+00
1.405260086059570312e+00,-1.822704792022705078e+00,-8.843250870704650879e-01
6.287173032760620117e-01,1.359981298446655273e-01,-2.576235055923461914e+00
1.096938729286193848e+00,1.288776695728302002e-01,2.520182132720947266e+00
6.741168498992919922e-01,-1.206493854522705078e+00,-2.615645885467529297e+00
8.829913139343261719e-01,1.607216954231262207e+00,-1.418680071830749512e+00
2.956630945205688477e+00,-1.281496286392211914e-01,2.491684913635253906e+00
5.119807720184326172e-01,1.536546468734741211e+00,-1.137450814247131348e+00
5.947347879409790039e-01,-9.201940894126892090e-01,2.520038366317749023e+00
1.997607350349426270e-01,1.589162945747375488e-01,3.131629824638366699e-01
2.774125337600708008e+00,-2.264933437108993530e-01,4.434033632278442383e-01
1.511448740959167480e+00,8.107298612594604492e-01,-1.060447454452514648e+00
1.722923040390014648e+00,-9.648137688636779785e-01,1.286223888397216797e+00
3.391926288604736328e-01,-1.451810747385025024e-01,-2.286384344100952148e+00
4.850955486297607422e+00,6.156888604164123535e-01,2.264141321182250977e+00
1.862558603286743164e+00,-1.063478469848632812e+00,3.147624731063842773e-01
1.433704137802124023e+00,1.348304510116577148e+00,1.489248722791671753e-01
3.229609727859497070e-01,-1.788221001625061035e+00,-1.998491764068603516e+00
9.813497662544250488e-01,5.551564693450927734e-02,7.525143027305603027e-01
6.673540472984313965e-01,-8.030759692192077637e-01,-1.071839094161987305e+00
1.417844295501708984e+00,-1.464756727218627930e+00,2.628180980682373047e+00
1.894332885742187500e+00,-9.835733175277709961e-01,-8.608034849166870117e-01
4.032007455825805664e-01,-7.524119615554809570e-01,2.621027469635009766e+00
6.954940795898437500e+00,-4.532647132873535156e-01,-4.508879780769348145e-01
3.790605068206787109e+00,2.912941575050354004e-02,9.485153555870056152e-01
4.152429103851318359e-01,-1.922013401985168457e+00,2.043503522872924805e+00
3.198599219322204590e-01,1.880511164665222168e+00,-4.911765456199645996e-01
6.465415358543395996e-01,-1.959727704524993896e-01,-1.820007264614105225e-01
2.832122802734375000e+00,1.204269647598266602e+00,1.782425791025161743e-01
4.971997439861297607e-01,-1.785157203674316406e+00,1.040000438690185547e+00
6.036108732223510742e-01,-1.691782236099243164e+00,1.063974618911743164e+00
1.346850514411926270e+00,2.002363204956054688e-01,-6.488825678825378418e-01
1.086430668830871582e+00,2.377922832965850830e-01,1.003353238105773926e+00
4.727982878684997559e-01,-4.847033619880676270e-01,2.913179397583007812e+00
5.798208236694335938e+00,8.848116397857666016e-01,1.905557990074157715e+00
3.859585523605346680e-01,2.145637989044189453e+00,-3.467864394187927246e-01
6.652075052261352539e-01,1.455941677093505859e+00,8.060553669929504395e-01
1.965581893920898438e+00,1.532530546188354492e+00,-6.925540566444396973e-01
8.972687721252441406e-01,8.976118564605712891e-01,-2.595076322555541992e+00
1.339364409446716309e+00,-2.114733695983886719e+00,1.346177458763122559e+00
2.826818823814392090e-01,-2.211074352264404297e+00,2.757673740386962891e+00
1.917257070541381836e+00,1.625254869461059570e+00,-2.697079777717590332e-01
3.999910831451416016e+00,2.314183413982391357e-01,4.215127229690551758e-02
1.892389297485351562e+00,-1.393687009811401367e+00,2.538384199142456055e+00
9.267337322235107422e-01,1.861771702766418457e+00,2.754774332046508789e+00
4.755978882312774658e-01,9.696148633956909180e-01,2.958605766296386719e+00
1.743071079254150391e+00,-1.834878325462341309e+00,-7.597957253456115723e-01
1.247475147247314453e+00,1.185555934906005859e+00,-1.002021133899688721e-01
1.402396321296691895e+00,-1.201660394668579102e+00,8.456548452377319336e-01
2.118724346160888672e+00,8.502063751220703125e-01,2.365950822830200195e+00
5.772070884704589844e-01,-1.277604460716247559e+00,-1.284979104995727539e+00
2.851585149765014648e+00,1.353789329528808594e+00,1.534127146005630493e-01
5.612893700599670410e-01,-7.325835227966308594e-01,1.009080290794372559e+00
8.434138298034667969e+00,-1.044719815254211426e+00,3.912950754165649414e-01
1.612684130668640137e+00,1.588940501213073730e+00,-2.500695228576660156e+00
6.865102648735046387e-01,-2.084779262542724609e+00,-1.481543302536010742e+00
4.516349732875823975e-01,1.963078141212463379e+00,-2.762326717376708984e+00
2.297554016113281250e+00,9.567025899887084961e-01,2.122657060623168945e+00
1.382796764373779297e+00,1.487870216369628906e+00,3.227472901344299316e-01
5.664864778518676758e-01,1.319128036499023438e+00,-8.681413531303405762e-01
1.061445474624633789e+00,1.552511692047119141e+00,4.831355214118957520e-01
1.623922586441040039e+00,-2.186690092086791992e+00,1.302487254142761230e+00
6.311986446380615234e-01,-9.641810655593872070e-01,5.052855610847473145e-02
8.321124315261840820e-01,-7.231304049491882324e-01,2.198234319686889648e+00
1.072242379188537598e+00,3.740577101707458496e-01,-6.462435126304626465e-01
2.687238454818725586e-01,-4.098378419876098633e-01,-1.541120767593383789e+00
2.539907097816467285e-01,-5.799057483673095703e-01,-1.439010739326477051e+00
3.878084897994995117e+00,3.628419637680053711e-01,2.428385764360427856e-01
6.727185845375061035e-01,-1.959202647209167480e+00,1.029734849929809570e+00
9.755042195320129395e-01,6.813358664512634277e-01,7.671689987182617188e-02
1.438452839851379395e+00,1.468760967254638672e-01,-2.049827814102172852e+00
3.599160671234130859e+00,1.935645699501037598e+00,-1.333811759948730469e+00
6.479575634002685547e-01,2.360843420028686523e-01,-2.468617677688598633e+00
6.091288328170776367e-01,-2.987715721130371094e+00,-1.005771875381469727e+00
1.381478309631347656e+00,3.560914397239685059e-01,-1.523498773574829102e+00
2.728836536407470703e-01,-5.620803833007812500e-01,2.980764865875244141e+00
1.874859809875488281e+00,-5.740482807159423828e-01,-1.603213906288146973e+00
1.762016534805297852e+00,-1.003519415855407715e+00,2.531600594520568848e-01
1.558901786804199219e+00,-8.309616446495056152e-01,-2.666316986083984375e+00
4.179985523223876953e+00,-2.041991353034973145e-01,-2.136824846267700195e+00
5.268079042434692383e-01,9.909099340438842773e-01,1.015309810638427734e+00
1.689515590667724609e+00,-1.132513403892517090e+00,-1.531438946723937988e+00
2.445363044738769531e+00,3.274760842323303223e-01,2.404225111007690430e+00
7.825768589973449707e-01,1.006012678146362305e+00,-2.793888092041015625e+00
5.068348646163940430e-01,-1.019358754158020020e+00,-1.479275077581405640e-01
2.297350764274597168e-01,-2.392301082611083984e+00,-1.611845254898071289e+00
2.081035375595092773e+00,2.070505142211914062e+00,-2.464789152145385742e+00
7.251601815223693848e-01,3.874906301498413086e-01,-7.022369503974914551e-01
3.480738997459411621e-01,-5.169316530227661133e-01,2.706855058670043945e+00
1.976498723030090332e+00,-6.091829538345336914e-01,-2.673007488250732422e+00
1.218099594116210938e+00,3.975905776023864746e-01,-2.363901376724243164e+00
6.058059930801391602e-01,1.896875739097595215e+00,-1.391251325607299805e+00
1.784456610679626465e+00,3.975495696067810059e-01,-8.303743004798889160e-01
1.008457779884338379e+00,-4.556466341018676758e-01,2.310937881469726562e+00
1.917245507240295410e+00,-1.421319365501403809e+00,-4.155369400978088379e-01
2.402013301849365234e+00,-6.374992132186889648e-01,-1.377209544181823730e+00
1.922300457954406738e+00,5.680955648422241211e-01,-2.337497234344482422e+00
1.420840859413146973e+00,1.680812239646911621e+00,-2.352972030639648438e+00
4.448138475418090820e-01,-1.012631893157958984e+00,2.780137777328491211e+00
5.439944267272949219e-01,-1.310370922088623047e+00,2.620004415512084961e+00
2.178822994232177734e+00,-2.738085985183715820e-01,6.629278063774108887e-01
4.942866325378417969e+00,-1.673939943313598633e+00,-2.031049728393554688e+00
1.169533967971801758e+00,-1.285014748573303223e+00,-1.809981584548950195e+00
4.255933761596679688e+00,1.812454342842102051e+00,-5.211663246154785156e-01
1.822078227996826172e+00,-1.562928438186645508e+00,-7.288760542869567871e-01
3.165531754493713379e-01,1.304765224456787109e+00,-9.972632527351379395e-01
6.175708770751953125e-01,-6.026972532272338867e-01,2.376194477081298828e+00
9.602246284484863281e-01,1.624056816101074219e+00,-3.780040740966796875e-01
4.351237297058105469e+00,-1.311021447181701660e+00,2.210840940475463867e+00
6.213514804840087891e-01,1.912464499473571777e+00,-1.431679010391235352e+00
5.657668113708496094e-01,-1.201963186264038086e+00,-1.789657950401306152e+00
1.598616838455200195e+00,-5.315994024276733398e-01,2.743379473686218262e-01
9.328942298889160156e-01,3.613053560256958008e-01,1.813970953226089478e-01
2.315520286560058594e+00,3.389726877212524414e-01,2.915100812911987305e+00
6.575301885604858398e-01,4.069554805755615234e-02,-1.454975008964538574e+00
1.716699600219726562e+00,-7.290690541267395020e-01,-6.805468201637268066e-01
2.119316101074218750e+00,2.218906402587890625e+00,-1.691357135772705078e+00
1.395868301391601562e+00,1.174277186393737793e+00,-2.605764150619506836e+00
3.828937530517578125e+00,-7.293618917465209961e-01,2.615835905075073242e+00
1.983292698860168457e+00,-1.159135580062866211e+00,-1.596893966197967529e-01
5.676542520523071289e-01,-1.095948696136474609e+00,-3.572775721549987793e-01
1.657177448272705078e+00,-7.992478609085083008e-01,-2.176831007003784180e+00
7.377206683158874512e-01,1.577939093112945557e-01,-2.544294595718383789e+00
3.172211647033691406e-01,5.643267035484313965e-01,-1.718992590904235840e+00
1.114856362342834473e+00,-3.077649474143981934e-01,-1.637525200843811035e+00
3.104072570800781250e+00,1.816194653511047363e+00,-4.804075956344604492e-01
2.308054447174072266e+00,-1.319840788841247559e+00,-2.239325284957885742e+00
8.410128951072692871e-01,1.429470062255859375e+00,-8.669992685317993164e-01
3.366024971008300781e+00,2.910524010658264160e-01,-1.380379676818847656e+00
5.069633722305297852e-01,-1.775011420249938965e+00,1.102143406867980957e+00
2.799785137176513672e-01,-1.430130004882812500e+00,-1.158366203308105469e+00
7.385946512222290039e-01,1.935049414634704590e+00,-4.974440932273864746e-01
1.742663860321044922e+00,-1.154447793960571289e+00,2.091038942337036133e+00
1.823429346084594727e+00,-7.271530628204345703e-01,-1.797728061676025391e+00
5.036442875862121582e-01,-1.343105912208557129e+00,2.251882314682006836e+00
3.930361866950988770e-01,-3.338094353675842285e-01,8.123615384101867676e-02
4.656692504882812500e+00,3.556562066078186035e-01,2.586098194122314453e+00
4.465936660766601562e+00,1.445911765098571777e+00,1.719022989273071289e+00
5.217181444168090820e-01,-9.826259016990661621e-01,9.244410395622253418e-01
2.477993369102478027e-01,-1.397694647312164307e-02,3.277312755584716797e+00
4.404589653015136719e+00,9.760303497314453125e-01,-2.667406558990478516e+00
1.736176490783691406e+00,-1.001404762268066406e+00,1.857542634010314941e+00
1.290149688720703125e+00,-1.922380328178405762e+00,1.299402952194213867e+00
1.460690736770629883e+00,1.603036522865295410e+00,2.484573125839233398e+00
1.910928606986999512e+00,-9.303112626075744629e-01,-6.025509238243103027e-01
2.901922702789306641e+00,1.739603042602539062e+00,-2.433868885040283203e+00
2.921191692352294922e+00,1.899805426597595215e+00,2.694691896438598633e+00
7.405014038085937500e-01,2.379057407379150391e+00,2.623083353042602539e+00
1.619193673133850098e+00,-1.617606163024902344e+00,-7.431930899620056152e-01
2.100622892379760742e+00,7.370427250862121582e-01,2.864811658859252930e+00
2.940414428710937500e+00,1.847622036933898926e+00,2.622105121612548828e+00
7.286161184310913086e-01,1.697825789451599121e+00,-1.405775666236877441e+00
2.035366058349609375e+00,1.772574067115783691e+00,-5.718694627285003662e-02
6.365516185760498047e-01,1.970710158348083496e-01,-1.512301445007324219e+00
2.120747566223144531e-01,2.932115197181701660e-01,1.557194471359252930e+00
6.866308450698852539e-01,1.629799008369445801e+00,1.751407980918884277e+00
1.147238731384277344e+00,2.091605663299560547e+00,-2.579676151275634766e+00
1.908519744873046875e+00,-1.316665291786193848e+00,2.439256191253662109e+00
5.620684027671813965e-01,-9.416356086730957031e-01,-2.680503845214843750e+00
4.624659717082977295e-01,-3.397595882415771484e-01,-1.625626832246780396e-01
1.094017624855041504e+00,1.359858810901641846e-01,1.014884859323501587e-01
6.768866777420043945e-01,-1.893744707107543945e+00,-2.074208259582519531e+00
1.462118864059448242e+00,-9.097898006439208984e-02,-2.395447015762329102e+00
2.990692138671875000e+00,3.549329638481140137e-01,-1.968732118606567383e+00
2.994194030761718750e+00,-1.354038357734680176e+00,5.821665525436401367e-01
5.798519253730773926e-01,-1.392658829689025879e+00,5.207719802856445312e-01
8.574929833412170410e-01,1.406734108924865723e+00,1.592791795730590820e+00
1.097384572029113770e+00,1.295095086097717285e-01,2.520115137100219727e+00
8.911280632019042969e-01,1.599006414413452148e+00,-1.417950868606567383e+00
2.959225416183471680e+00,-1.220797747373580933e-01,2.488778114318847656e+00
5.413326621055603027e-01,1.575633883476257324e+00,-1.169447183609008789e+00
6.270056962966918945e-01,1.350694894790649414e-01,-2.577562808990478516e+00
5.969197750091552734e-01,-9.139750599861145020e-01,2.523505926132202148e+00
2.001718282699584961e-01,1.686834096908569336e-01,3.129649162292480469e-01
1.970888853073120117e+00,1.700953602790832520e+00,-2.158199995756149292e-01
3.946248292922973633e-01,-5.528315901756286621e-01,2.913094520568847656e+00
1.516290664672851562e+00,8.079353570938110352e-01,-1.059449672698974609e+00
1.167260408401489258e-01,2.337421476840972900e-01,-9.840263724327087402e-01
1.082894086837768555e+00,9.204035997390747070e-02,4.323334991931915283e-02
1.900574803352355957e+00,8.764394521713256836e-01,-8.822219371795654297e-01
3.392847180366516113e-01,-1.453936994075775146e-01,-2.285683631896972656e+00
1.862333893775939941e+00,-1.063337922096252441e+00,3.133243918418884277e-01
4.957200586795806885e-01,1.988623440265655518e-01,-4.470741152763366699e-01
1.434278011322021484e+00,1.346782326698303223e+00,1.554922610521316528e-01
4.827405929565429688e+00,8.637584447860717773e-01,-6.997944414615631104e-02
3.275116086006164551e-01,-1.751777648925781250e+00,-1.973158955574035645e+00
2.438649177551269531e+00,2.884921431541442871e-01,1.227213978767395020e+00
3.790422916412353516e+00,2.705642580986022949e-02,9.506075978279113770e-01
4.672958850860595703e-01,-2.384681552648544312e-01,6.196676492691040039e-01
1.316030740737915039e+00,-1.246357560157775879e+00,-2.793432712554931641e+00
6.560197472572326660e-01,2.586404085159301758e-01,-2.480949163436889648e+00
3.052585363388061523e+00,1.873255610466003418e+00,-4.645470976829528809e-01
3.427782058715820312e+00,-7.960394620895385742e-01,2.661936044692993164e+00
3.188635110855102539e-01,1.881924986839294434e+00,-4.900785684585571289e-01
4.023678600788116455e-01,-7.487163543701171875e-01,2.623936891555786133e+00
6.947455406188964844e+00,-4.410943388938903809e-01,-4.514174461364746094e-01
7.313807010650634766e-01,1.368153691291809082e+00,6.602416038513183594e-01
9.619451165199279785e-01,-2.155467987060546875e+00,-8.277167677879333496e-01
2.998873591423034668e-01,-2.022924900054931641e+00,2.136185407638549805e+00
2.962782621383666992e+00,-5.744650959968566895e-01,2.780029535293579102e+00
6.507087945938110352e-01,-1.950126439332962036e-01,-1.797609478235244751e-01
2.186024188995361328e+00,7.551431655883789062e-01,2.149097919464111328e+00
4.677322208881378174e-01,-4.905129671096801758e-01,2.909583568572998047e+00
6.310390233993530273e-01,-1.688169240951538086e+00,1.084197044372558594e+00
1.346784114837646484e+00,2.074421942234039307e-01,-6.429767608642578125e-01
5.797128677368164062e+00,8.882476091384887695e-01,1.908316016197204590e+00
2.543231010437011719e+00,1.009618043899536133e-01,5.564004778861999512e-01
1.350943207740783691e+00,-2.107810020446777344e+00,1.326984524726867676e+00
1.937049746513366699e+00,1.637949466705322266e+00,-2.666287124156951904e-01
1.943264245986938477e+00,1.523562312126159668e+00,-6.749460101127624512e-01
9.166197180747985840e-01,1.867454171180725098e+00,2.753839731216430664e+00
4.775956571102142334e-01,9.696687459945678711e-01,2.956937313079833984e+00
1.879253864288330078e+00,-1.386101245880126953e+00,2.534348964691162109e+00
4.000149726867675781e+00,2.290893495082855225e-01,4.122135043144226074e-02
4.900549352169036865e-01,-5.132161974906921387e-01,7.829296588897705078e-01
7.506017684936523438e-01,-7.386144995689392090e-01,2.415476083755493164e+00
1.234502434730529785e+00,1.185505986213684082e+00,-1.042314171791076660e-01
2.118188142776489258e+00,8.520554304122924805e-01,2.368473529815673828e+00
4.892938435077667236e-01,-1.929038166999816895e+00,-2.169310331344604492e+00
5.569666624069213867e-01,-7.332947850227355957e-01,1.004815578460693359e+00
3.610782146453857422e+00,-2.286265790462493896e-02,7.719986438751220703e-01
2.850250720977783203e+00,1.355399489402770996e+00,1.549268811941146851e-01
2.873161315917968750e+00,-1.452236294746398926e+00,-2.019680023193359375e+00
8.434077262878417969e+00,-1.044465899467468262e+00,3.913138508796691895e-01
7.195196151733398438e-01,-1.581929326057434082e+00,1.612826228141784668e+00
1.610842704772949219e+00,1.590111732482910156e+00,-2.497983932495117188e+00
2.740920066833496094e+00,-9.850533008575439453e-01,-1.846552491188049316e+00
6.904143095016479492e-01,-2.079982280731201172e+00,-1.474880456924438477e+00
1.600184679031372070e+00,-2.963194251060485840e-02,-2.576528310775756836e+00
2.290278434753417969e+00,9.558490514755249023e-01,2.125443935394287109e+00
2.921239137649536133e-01,-5.819326639175415039e-02,-2.724609375000000000e+00
5.589557886123657227e-01,1.331323862075805664e+00,-8.713843226432800293e-01
1.062194943428039551e+00,1.551943778991699219e+00,4.842281937599182129e-01
1.137438297271728516e+00,-6.321743726730346680e-01,-1.207510828971862793e+00
6.494339704513549805e-01,1.158929467201232910e+00,7.479521632194519043e-01
1.614344120025634766e+00,-2.199942350387573242e+00,1.308390855789184570e+00
6.330181956291198730e-01,-9.698924422264099121e-01,6.921277940273284912e-02
8.244618773460388184e-01,-7.534632086753845215e-01,2.197220325469970703e+00
6.643416881561279297e-01,-1.721084117889404297e+00,-2.746256589889526367e+00
3.628785610198974609e-01,-2.313975095748901367e-01,1.157653689384460449e+00
5.209482908248901367e-01,-1.051246881484985352e+00,2.520991563796997070e+00
2.701784968376159668e-01,-4.064688682556152344e-01,-1.543914079666137695e+00
2.523952722549438477e-01,-5.740416646003723145e-01,-1.438457846641540527e+00
3.874218940734863281e+00,3.602143526077270508e-01,2.493189424276351929e-01
5.011033058166503906e+00,-1.692613244056701660e+00,-2.165743827819824219e+00
6.288003325462341309e-01,-1.840981721878051758e+00,1.084242582321166992e+00
7.993133068084716797e-01,-1.573585033416748047e+00,-2.584187746047973633e+00
9.779381752014160156e-01,6.822154521942138672e-01,7.735686004161834717e-02
1.438931465148925781e+00,1.465930342674255371e-01,-2.049820423126220703e+00
1.848472118377685547e+00,-1.055379390716552734e+00,1.392075866460800171e-01
6.381636857986450195e-01,2.350244224071502686e-01,-2.474821329116821289e+00
4.185165882110595703e+00,-8.300541341304779053e-02,-3.725527822971343994e-01
4.180746555328369141e+00,1.278919219970703125e+00,1.823264241218566895e+00
4.445877671241760254e-01,-6.763144731521606445e-01,2.853703737258911133e+00
1.488216280937194824e+00,-1.815758228302001953e+00,-1.436793684959411621e+00
1.753578782081604004e+00,-1.007709026336669922e+00,2.326727062463760376e-01
3.434675931930541992e-01,2.480178356170654297e+00,-2.629240989685058594e+00
2.445624828338623047e+00,3.289517164230346680e-01,2.404995441436767578e+00
4.119155704975128174e-01,-2.093252658843994141e+00,-2.115225791931152344e+00
7.826383113861083984e-01,1.007879137992858887e+00,-2.797986507415771484e+00
1.401860952377319336e+00,3.088915944099426270e-01,-1.451463341712951660e+00
2.225291728973388672e-01,-2.409762859344482422e+00,-1.625549912452697754e+00
3.478900194168090820e-01,-5.168436765670776367e-01,2.707253694534301758e+00
6.057414412498474121e-01,1.896342873573303223e+00,-1.390357375144958496e+00
1.782778739929199219e+00,3.882612586021423340e-01,-8.232935667037963867e-01
1.918012022972106934e+00,-1.420983791351318359e+00,-4.148237109184265137e-01
2.401065826416015625e+00,-6.386561393737792969e-01,-1.375480294227600098e+00
1.921755194664001465e+00,5.674341917037963867e-01,-2.335260629653930664e+00
2.328969240188598633e+00,3.149688243865966797e-01,-1.745189875364303589e-01
1.704383015632629395e+00,1.729842424392700195e+00,2.191195935010910034e-01
1.452317714691162109e+00,1.665097475051879883e+00,-2.368917226791381836e+00
5.332579612731933594e-01,-1.326676964759826660e+00,2.630201339721679688e+00
2.179164886474609375e+00,-2.727546095848083496e-01,6.622543334960937500e-01
7.815718054771423340e-01,1.202639043331146240e-01,-2.669627666473388672e+00
9.156404137611389160e-01,-1.522698283195495605e+00,-2.757560491561889648e+00
1.285930991172790527e+00,5.792450308799743652e-01,7.354663014411926270e-01
1.786967277526855469e+00,-1.600803375244140625e+00,-7.756074666976928711e-01
8.314639925956726074e-01,-1.775102019309997559e+00,2.650066614151000977e+00
3.196663856506347656e-01,1.307472944259643555e+00,-9.982176423072814941e-01
9.501076340675354004e-01,1.626080751419067383e+00,-3.607019782066345215e-01
1.950557112693786621e+00,1.655467987060546875e+00,-8.323256373405456543e-01
9.636300802230834961e-02,3.198947310447692871e-01,2.907247543334960938e-01
1.068642520904541016e+01,1.437057852745056152e-01,2.723807811737060547e+00
6.229853630065917969e-01,1.909386038780212402e+00,-1.423967242240905762e+00
3.199687719345092773e+00,-1.300523519515991211e+00,5.396486520767211914e-01
9.330304861068725586e-01,3.612552285194396973e-01,1.805206984281539917e-01
1.598498582839965820e+00,-5.310125350952148438e-01,2.761848568916320801e-01
1.279589056968688965e+00,1.209415078163146973e+00,1.079861164093017578e+00
6.590574383735656738e-01,4.070648550987243652e-02,-1.455963373184204102e+00
1.689785957336425781e+00,-7.039270401000976562e-01,-6.828122138977050781e-01
2.116882085800170898e+00,2.227196216583251953e+00,-1.694595694541931152e+00
3.227052450180053711e+00,-1.298326969146728516e+00,-2.876341819763183594e+00
1.990874290466308594e+00,-1.175128459930419922e+00,-1.811463832855224609e-01
5.712599754333496094e-01,-1.094320774078369141e+00,-3.562318682670593262e-01
1.648608922958374023e+00,-8.106090426445007324e-01,-2.190299272537231445e+00
7.372519969940185547e-01,1.574233174324035645e-01,-2.544703245162963867e+00
1.242924332618713379e+00,2.186170816421508789e-01,-1.702125370502471924e-01
3.168652057647705078e-01,5.639798045158386230e-01,-1.715962767601013184e+00
1.114647150039672852e+00,-3.065554797649383545e-01,-1.637212514877319336e+00
2.274073600769042969e+00,-1.321532607078552246e+00,-2.261878967285156250e+00
3.087391853332519531e+00,1.826050162315368652e+00,-4.793660640716552734e-01
3.363889932632446289e+00,2.941831946372985840e-01,-1.377073287963867188e+00
7.419347167015075684e-01,1.927270770072937012e+00,-4.968978762626647949e-01
1.191213369369506836e+00,-4.211288690567016602e-01,-2.492918819189071655e-01
6.129337310791015625e+00,-6.720762252807617188e-01,2.680706262588500977e+00
1.574898004531860352e+00,-1.219031333923339844e+00,2.236970424652099609e+00
1.829329729080200195e+00,-7.169687747955322266e-01,-1.776238441467285156e+00
3.958793282508850098e-01,-3.308957219123840332e-01,7.805864512920379639e-02
1.215524196624755859e+00,1.072266578674316406e+00,1.196120738983154297e+00
5.083080530166625977e-01,-1.339774966239929199e+00,2.253993272781372070e+00
4.664071083068847656e+00,3.562740683555603027e-01,2.581146955490112305e+00
4.475104331970214844e+00,1.442122101783752441e+00,1.718386888504028320e+00
5.219348669052124023e-01,-9.838673472404479980e-01,9.223060011863708496e-01
2.339165210723876953e+00,-1.526399731636047363e+00,-2.433485746383666992e+00
4.407558441162109375e+00,9.744116067886352539e-01,-2.668542146682739258e+00
1.737578868865966797e+00,-9.978848099708557129e-01,1.853337407112121582e+00
7.371894121170043945e-01,2.375605106353759766e+00,2.626114368438720703e+00
2.040577530860900879e-01,2.519370555877685547e+00,8.901558518409729004e-01
2.109076023101806641e+00,7.344409823417663574e-01,2.868685483932495117e+00
2.933674573898315430e+00,1.844480633735656738e+00,2.613867759704589844e+00
6.201890707015991211e-01,1.873683333396911621e-01,-1.511097908020019531e+00
8.191637992858886719e-01,1.773688912391662598e+00,-4.933938980102539062e-01
2.024841308593750000e+00,1.771802067756652832e+00,-3.581833839416503906e-02
2.015015482902526855e-01,-1.774521946907043457e+00,-6.695486307144165039e-01
6.845374107360839844e-01,1.630989313125610352e+00,1.752150654792785645e+00
3.722779273986816406e+00,-1.597886800765991211e+00,1.392175793647766113e+00
1.098315834999084473e+00,4.605728387832641602e-01,-4.851969331502914429e-02
1.912594676017761230e+00,-1.319027066230773926e+00,2.444576501846313477e+00
2.306771278381347656e+00,-1.137085199356079102e+00,2.065445661544799805e+00
2.323439121246337891e+00,2.585412859916687012e-01,2.458029031753540039e+00
1.458770513534545898e+00,-8.658677339553833008e-02,-2.394614696502685547e+00
2.985309839248657227e+00,3.567603230476379395e-01,-1.968562006950378418e+00
3.003470182418823242e+00,-1.353774785995483398e+00,5.888074636459350586e-01
8.601284623146057129e-01,1.403752803802490234e+00,1.594133973121643066e+00
5.811216235160827637e-01,-1.390448451042175293e+00,5.219528079032897949e-01
1.808081150054931641e+00,-1.343558430671691895e+00,2.602309703826904297e+00
7.092061042785644531e-01,6.817123889923095703e-01,-2.252891540527343750e+00
1.098719120025634766e+00,1.295872628688812256e-01,2.519032001495361328e+00
1.392839431762695312e+00,-1.841357469558715820e+00,-9.014381766319274902e-01
8.930536508560180664e-01,1.600627541542053223e+00,-1.420641183853149414e+00
2.959995746612548828e+00,-1.149989515542984009e-01,2.486048698425292969e+00
5.115207433700561523e-01,3.510320186614990234e-01,-1.577224969863891602e+00
6.318246722221374512e-01,1.381282508373260498e-01,-2.574267148971557617e+00
5.412803888320922852e-01,1.576681256294250488e+00,-1.170764446258544922e+00
5.970320701599121094e-01,-9.148064255714416504e-01,2.523093700408935547e+00
2.778981208801269531e+00,-2.276770621538162231e-01,4.463781118392944336e-01
1.514929413795471191e+00,8.124002218246459961e-01,-1.059955358505249023e+00
1.730025053024291992e+00,-9.587249159812927246e-01,1.285767197608947754e+00
4.850940227508544922e+00,6.136489510536193848e-01,2.265583038330078125e+00
1.862021684646606445e+00,-1.064600706100463867e+00,3.132920861244201660e-01
6.453113555908203125e-01,-1.765892744064331055e+00,9.116430580615997314e-02
1.437220335006713867e+00,1.352212071418762207e+00,1.507394164800643921e-01
5.258119702339172363e-01,-3.968998789787292480e-03,-2.625387907028198242e+00
4.826388359069824219e+00,8.719058036804199219e-01,-6.619562208652496338e-02
3.271755576133728027e-01,-1.726348400115966797e+00,-1.956562399864196777e+00
6.675853133201599121e-01,-8.029900193214416504e-01,-1.072098970413208008e+00
9.809375405311584473e-01,6.284123659133911133e-02,7.556684613227844238e-01
2.352275252342224121e-01,8.848460912704467773e-01,2.045768946409225464e-01
1.410104513168334961e+00,-1.467008590698242188e+00,2.628992319107055664e+00
3.790849447250366211e+00,2.697452902793884277e-02,9.511898159980773926e-01
6.551892757415771484e-01,2.582244873046875000e-01,-2.481565475463867188e+00
1.312134385108947754e+00,-1.246976852416992188e+00,-2.799652338027954102e+00
3.428789138793945312e+00,-7.963383793830871582e-01,2.662802934646606445e+00
4.022822380065917969e-01,-7.505433559417724609e-01,2.622920274734497070e+00
3.196281194686889648e-01,1.883849978446960449e+00,-4.885516762733459473e-01
2.658700942993164062e-01,-2.055132865905761719e+00,2.166008234024047852e+00
6.479308009147644043e-01,-1.961075663566589355e-01,-1.810328662395477295e-01
9.282792806625366211e-01,1.001365303993225098e+00,-1.113812088966369629e+00
6.685419082641601562e-01,4.467029571533203125e-01,-1.571011900901794434e+00
6.121101379394531250e-01,-1.691711425781250000e+00,1.068219661712646484e+00
2.542513370513916016e+00,1.008064746856689453e-01,5.511664748191833496e-01
1.345235943794250488e+00,2.031899392604827881e-01,-6.394910216331481934e-01
5.797303199768066406e+00,8.863567113876342773e-01,1.906775355339050293e+00
1.334133625030517578e+00,-2.110926628112792969e+00,1.349934220314025879e+00
8.884689211845397949e-01,9.219092130661010742e-01,-2.618115425109863281e+00
2.793921232223510742e-01,-2.213905334472656250e+00,2.761475563049316406e+00
4.000356674194335938e+00,2.321822047233581543e-01,4.214794933795928955e-02
4.757250547409057617e-01,9.718743562698364258e-01,2.959601402282714844e+00
7.465827465057373047e-01,-7.455025911331176758e-01,2.419185876846313477e+00
4.858162999153137207e-01,-4.941647052764892578e-01,7.668948173522949219e-01
1.689758181571960449e+00,1.089735388755798340e+00,1.215247273445129395e+00
4.367742538452148438e+00,-1.642605543136596680e+00,1.545235395431518555e+00
1.239884734153747559e+00,1.189964771270751953e+00,-1.057400256395339966e-01
1.747913599014282227e+00,-1.828163146972656250e+00,-7.446479797363281250e-01
1.727648973464965820e+00,5.600786209106445312e-01,1.794535398483276367e+00
1.731531500816345215e+00,-1.561756491661071777e+00,-7.548004984855651855e-01
4.610176682472229004e-01,-1.960661530494689941e+00,-2.174923658370971680e+00
5.555190443992614746e-01,-7.326197624206542969e-01,1.007455706596374512e+00
3.602900505065917969e+00,-2.614420652389526367e-02,7.802673578262329102e-01
2.851455926895141602e+00,1.353109121322631836e+00,1.531101316213607788e-01
9.633511304855346680e-01,-1.077995181083679199e+00,6.691740453243255615e-02
9.193220734596252441e-01,-5.521290302276611328e-01,2.109442710876464844e+00
6.806129217147827148e-01,8.010940551757812500e-01,-2.427006483078002930e+00
1.219757556915283203e+00,9.207265377044677734e-01,9.845679402351379395e-01
5.783308744430541992e-01,-1.151967287063598633e+00,7.782878279685974121e-01
2.616083145141601562e+00,5.096235275268554688e-01,-1.990700840950012207e+00
7.749337553977966309e-01,1.813343644142150879e+00,1.622986793518066406e+00
1.380514264106750488e+00,1.126575589179992676e+00,1.352197527885437012e+00
7.396687865257263184e-01,1.826050877571105957e+00,-2.049818515777587891e+00
2.743978023529052734e+00,6.608113646507263184e-01,-8.254172801971435547e-01
2.908120155334472656e+00,1.688180446624755859e+00,2.885001420974731445e+00
4.869172573089599609e+00,-1.545642018318176270e+00,2.018737077713012695e+00
7.244663834571838379e-01,5.477712154388427734e-01,-1.260106921195983887e+00
2.546566963195800781e+00,-4.410623908042907715e-01,1.928513646125793457e+00
9.844624400138854980e-01,-1.090383291244506836e+00,9.009936451911926270e-02
6.852256655693054199e-01,8.006527423858642578e-01,-2.432383298873901367e+00
1.209541440010070801e+00,9.144380092620849609e-01,9.625542759895324707e-01
2.224492549896240234e+00,6.308299899101257324e-01,-1.639160633087158203e+00
7.790912985801696777e-01,1.806469321250915527e+00,1.622410655021667480e+00
2.352193355560302734e+00,3.189733028411865234e-01,-2.760814428329467773e-01
1.122873067855834961e+00,3.441033363342285156e-01,-1.055516302585601807e-02
9.785718321800231934e-01,-1.086447238922119141e+00,8.413909375667572021e-02
9.644882082939147949e-01,-4.802572131156921387e-01,2.019241333007812500e+00
1.146959304809570312e+00,-6.618598699569702148e-01,-3.739028275012969971e-01
6.795386672019958496e-01,8.006705045700073242e-01,-2.424937725067138672e+00
1.218158721923828125e+00,9.199469089508056641e-01,9.819285273551940918e-01
7.790306210517883301e-01,1.806463122367858887e+00,1.621863603591918945e+00
2.833884000778198242e+00,6.542710065841674805e-01,-8.206448554992675781e-01
4.863206386566162109e+00,-1.546412229537963867e+00,2.011969566345214844e+00
2.476466655731201172e+00,-3.731627762317657471e-01,-1.499741315841674805e+00
9.353154897689819336e-01,-5.288695693016052246e-01,2.082081556320190430e+00
1.122422695159912109e+00,-6.546858549118041992e-01,-3.527575731277465820e-01
3.334705352783203125e+00,-1.285947799682617188e+00,-2.631123065948486328e+00
2.233018875122070312e+00,6.277897953987121582e-01,-1.643877148628234863e+00
7.794992923736572266e-01,1.805841326713562012e+00,1.622443675994873047e+00
2.782720088958740234e+00,6.556377410888671875e-01,-8.254571557044982910e-01
4.925784111022949219e+00,-1.541573762893676758e+00,2.079523324966430664e+00
2.328281879425048828e+00,-3.079923987388610840e-01,-1.530845165252685547e+00
7.247194051742553711e-01,5.485365986824035645e-01,-1.245494961738586426e+00
9.617665410041809082e-01,-1.076962113380432129e+00,6.489257514476776123e-02
7.126193046569824219e-01,6.011162400245666504e-01,-1.933714389801025391e+00
9.255440831184387207e-01,-5.462206602096557617e-01,2.098744153976440430e+00
6.836508512496948242e-01,8.019607067108154297e-01,-2.432351350784301758e+00
1.213814377784729004e+00,9.179624319076538086e-01,9.743384718894958496e-01
2.495193719863891602e+00,4.671573638916015625e-01,-1.969470143318176270e+00
2.225006341934204102e+00,6.309543251991271973e-01,-1.639787077903747559e+00
7.767611742019653320e-01,1.817388415336608887e+00,1.620395541191101074e+00
7.486078739166259766e-01,1.819508433341979980e+00,-2.020133733749389648e+00
2.519611835479736328e+00,-3.833928108215332031e-01,-1.494038462638854980e+00
9.739626646041870117e-01,-1.076625585556030273e+00,6.509222090244293213e-02
9.399013519287109375e-01,-5.203363895416259766e-01,2.069731950759887695e+00
1.147204399108886719e+00,-6.635936498641967773e-01,-3.743634819984436035e-01
6.816632151603698730e-01,8.015917539596557617e-01,-2.429405212402343750e+00
3.343204021453857422e+00,8.428202867507934570e-01,-2.603033781051635742e+00
7.788163423538208008e-01,1.806917786598205566e+00,1.622036695480346680e+00
2.354276657104492188e+00,3.200754523277282715e-01,-2.783088088035583496e-01
2.497889995574951172e+00,6.818271875381469727e-01,-8.447976708412170410e-01
7.366407513618469238e-01,1.827653050422668457e+00,-2.057304382324218750e+00
2.894670009613037109e+00,1.643504738807678223e+00,2.864444732666015625e+00
2.483748435974121094e+00,-3.695179820060729980e-01,-1.491428375244140625e+00
9.667524695396423340e-01,-1.080589056015014648e+00,7.145017385482788086e-02
8.720663785934448242e-01,-6.041673421859741211e-01,2.196297407150268555e+00
6.832841038703918457e-01,8.010827302932739258e-01,-2.430933475494384766e+00
1.220790863037109375e+00,9.211258888244628906e-01,9.860058426856994629e-01
2.832226037979125977e+00,5.696996450424194336e-01,-2.013739824295043945e+00
2.220536231994628906e+00,6.333429813385009766e-01,-1.635769486427307129e+00
7.786594629287719727e-01,1.807096838951110840e+00,1.622137904167175293e+00
2.959526538848876953e+00,6.248297691345214844e-01,-7.984336614608764648e-01
2.892722606658935547e+00,1.639664173126220703e+00,2.861880302429199219e+00
6.815225481986999512e-01,8.015081882476806641e-01,-2.428929567337036133e+00
1.217999458312988281e+00,9.193178415298461914e-01,9.807969927787780762e-01
2.641261577606201172e+00,5.179613828659057617e-01,-1.994155406951904297e+00
2.227659702301025391e+00,6.299285888671875000e-01,-1.641512989997863770e+00
7.792213559150695801e-01,1.806355357170104980e+00,1.622223377227783203e+00
2.356731653213500977e+00,3.199813961982727051e-01,-2.786671817302703857e-01
1.420149326324462891e+00,1.131945610046386719e+00,1.337221980094909668e+00
7.247740626335144043e-01,1.833634495735168457e+00,-2.096318006515502930e+00
2.799741029739379883e+00,6.537104845046997070e-01,-8.248575329780578613e-01
9.631399512290954590e-01,-1.079057693481445312e+00,6.780494749546051025e-02
1.219675302505493164e+00,9.204500913619995117e-01,9.842455983161926270e-01
6.755030751228332520e-01,-7.840166687965393066e-01,1.126192510128021240e-01
2.866390943527221680e+00,5.947948694229125977e-01,-2.017238616943359375e+00
7.832756042480468750e-01,1.799968600273132324e+00,1.619321107864379883e+00
1.464484333992004395e+00,1.136402130126953125e+00,1.326508283615112305e+00
2.890592098236083984e+00,6.464716196060180664e-01,-8.100615739822387695e-01
4.786392211914062500e+00,-1.560051202774047852e+00,1.956052422523498535e+00
2.458861351013183594e+00,-3.674376606941223145e-01,-1.501496672630310059e+00
1.032581448554992676e+00,-1.113945484161376953e+00,1.268644183874130249e-01
8.729806542396545410e-01,-6.036036014556884766e-01,2.193892478942871094e+00
6.301112174987792969e-01,7.769702672958374023e-01,-2.284606933593750000e+00
1.184030294418334961e+00,9.080487489700317383e-01,9.549223780632019043e-01
7.789736390113830566e-01,1.807460427284240723e+00,1.622063398361206055e+00
2.919767379760742188e+00,6.341561675071716309e-01,-8.063308596611022949e-01
4.894940376281738281e+00,-1.542160272598266602e+00,2.044169425964355469e+00
7.250509858131408691e-01,5.493597388267517090e-01,-1.250152826309204102e+00
9.539602398872375488e-01,-1.071472048759460449e+00,5.567553639411926270e-02
9.233870506286621094e-01,-5.481914877891540527e-01,2.103674173355102539e+00
1.146332740783691406e+00,-6.636731624603271484e-01,-3.741887509822845459e-01
6.818964481353759766e-01,8.015069961547851562e-01,-2.429269790649414062e+00
1.322172641754150391e+00,1.267262339591979980e+00,8.211806416511535645e-03
1.214923739433288574e+00,9.181455373764038086e-01,9.776925444602966309e-01
1.131337881088256836e+00,4.967221021652221680e-01,-1.568082720041275024e-01
2.474826335906982422e+00,4.650855064392089844e-01,-1.963864564895629883e+00
2.208158016204833984e+00,6.368409395217895508e-01,-1.630292892456054688e+00
7.781859040260314941e-01,1.808693289756774902e+00,1.622634530067443848e+00
2.756643772125244141e+00,6.589638590812683105e-01,-8.257809281349182129e-01
4.875704765319824219e+00,-1.544912219047546387e+00,2.023575305938720703e+00
9.642903804779052734e-01,-1.082546234130859375e+00,7.498824596405029297e-02
9.200846552848815918e-01,-5.265005826950073242e-01,2.054339647293090820e+00
6.812808513641357422e-01,8.011833429336547852e-01,-2.428075075149536133e+00
1.206027269363403320e+00,9.165488481521606445e-01,9.659069180488586426e-01
6.314620971679687500e-01,-1.279273390769958496e+00,6.368491053581237793e-01
2.278557777404785156e+00,6.077490448951721191e-01,-1.675626516342163086e+00
7.255946993827819824e-01,1.833134770393371582e+00,-2.094957590103149414e+00
7.185606956481933594e-01,5.492049455642700195e-01,-1.196392416954040527e+00
9.842708706855773926e-01,-1.090844750404357910e+00,9.102493524551391602e-02
9.226406216621398926e-01,-5.486906766891479492e-01,2.104175090789794922e+00
1.147815227508544922e+00,-6.621788740158081055e-01,-3.743866980075836182e-01
6.300159096717834473e-01,-1.271825671195983887e+00,6.403769254684448242e-01
2.228569030761718750e+00,6.303111314773559570e-01,-1.640415191650390625e+00
7.799457907676696777e-01,1.805930018424987793e+00,1.622909665107727051e+00
2.784235000610351562e+00,6.562312245368957520e-01,-8.248903155326843262e-01
9.970631599426269531e-01,-1.095826864242553711e+00,9.856876730918884277e-02
9.268519878387451172e-01,-5.432461500167846680e-01,2.097607374191284180e+00
1.147057890892028809e+00,-6.622984409332275391e-01,-3.736999928951263428e-01
6.815090179443359375e-01,8.013062477111816406e-01,-2.428495168685913086e+00
1.214729309082031250e+00,9.189348220825195312e-01,9.755377173423767090e-01
2.638313055038452148e+00,5.114615559577941895e-01,-1.991445302963256836e+00
2.353227376937866211e+00,3.221914172172546387e-01,-2.817883491516113281e-01
7.324224710464477539e-01,1.829863667488098145e+00,-2.071699142456054688e+00
4.835244178771972656e+00,-1.552127242088317871e+00,1.990089774131774902e+00
2.572297573089599609e+00,-3.969133198261260986e-01,-1.511048316955566406e+00
9.776303172111511230e-01,-1.109350442886352539e+00,1.220419555902481079e-01
9.272196888923645020e-01,-5.435365438461303711e-01,2.097959280014038086e+00
1.147226810455322266e+00,-6.630339026451110840e-01,-3.743999600410461426e-01
6.817852258682250977e-01,8.014287948608398438e-01,-2.428975582122802734e+00
1.217661857604980469e+00,9.192417860031127930e-01,9.802379012107849121e-01
2.373391985893249512e-01,5.937762260437011719e-01,2.910624742507934570e-01
2.570816516876220703e+00,4.940487146377563477e-01,-1.984943866729736328e+00
2.231219053268432617e+00,6.289336681365966797e-01,-1.643068671226501465e+00
7.741127014160156250e-01,1.814750313758850098e+00,1.623750209808349609e+00
7.307289242744445801e-01,1.830667376518249512e+00,-2.076926946640014648e+00
2.673764228820800781e+00,6.650228500366210938e-01,-8.292442560195922852e-01
4.908849716186523438e+00,-1.542502284049987793e+00,2.052021503448486328e+00
9.649167060852050781e-01,-1.079992294311523438e+00,7.062877714633941650e-02
7.135003805160522461e-01,6.017849445343017578e-01,-1.927696704864501953e+00
4.559291005134582520e-01,5.783520340919494629e-01,-1.681371331214904785e+00
9.531617164611816406e-01,-5.039475560188293457e-01,2.051910638809204102e+00
1.146681189537048340e+00,-6.625247001647949219e-01,-3.739189207553863525e-01
6.784325838088989258e-01,-7.837910652160644531e-01,1.073234826326370239e-01
2.230059862136840820e+00,6.289547681808471680e-01,-1.642974019050598145e+00
7.788370251655578613e-01,1.807147860527038574e+00,1.621723651885986328e+00
2.357205390930175781e+00,3.184320926666259766e-01,-2.759927511215209961e-01
2.785082817077636719e+00,6.565254926681518555e-01,-8.245295286178588867e-01
2.899279356002807617e+00,1.655108571052551270e+00,2.870819807052612305e+00
2.498924016952514648e+00,-3.761960864067077637e-01,-1.495298743247985840e+00
9.739522933959960938e-01,-1.085449218750000000e+00,8.119687438011169434e-02
9.293912649154663086e-01,-5.485291481018066406e-01,2.096169710159301758e+00
1.147286534309387207e+00,-6.627604961395263672e-01,-3.742135465145111084e-01
6.814850568771362305e-01,8.010640144348144531e-01,-2.428197622299194336e+00
1.220653295516967773e+00,9.212605953216552734e-01,9.845066666603088379e-01
1.129932880401611328e+00,4.883751869201660156e-01,-1.494204699993133545e-01
2.542797565460205078e+00,4.860582947731018066e-01,-1.980805993080139160e+00
3.319511651992797852e+00,-1.294124841690063477e+00,-2.599338054656982422e+00
2.238633155822753906e+00,6.258118748664855957e-01,-1.646608233451843262e+00
2.789080142974853516e+00,6.553844809532165527e-01,-8.249458670616149902e-01
7.265548706054687500e-01,1.832754254341125488e+00,-2.090693712234497070e+00
1.002457976341247559e+00,-1.098012208938598633e+00,1.038696169853210449e-01
6.813895106315612793e-01,8.013097047805786133e-01,-2.428125619888305664e+00
1.209952712059020996e+00,9.166733026504516602e-01,9.691527485847473145e-01
3.319492578506469727e+00,-1.294102430343627930e+00,-2.599301338195800781e+00
7.776767015457153320e-01,1.809817433357238770e+00,1.623021245002746582e+00
2.733761310577392578e+00,6.636930704116821289e-01,-8.241907954216003418e-01
1.124053239822387695e+00,3.228700160980224609e-01,-1.762410998344421387e-02
2.491730928421020508e+00,-3.763176202774047852e-01,-1.495342969894409180e+00
9.866264462471008301e-01,-1.115384817123413086e+00,1.302842050790786743e-01
1.147454261779785156e+00,-6.630467176437377930e-01,-3.747060298919677734e-01
6.792320013046264648e-01,-7.853325009346008301e-01,1.093935072422027588e-01
2.405609846115112305e+00,4.380913376808166504e-01,-1.954628825187683105e+00
2.352760314941406250e+00,3.207971453666687012e-01,-2.791352272033691406e-01
9.963907599449157715e-01,-1.095453739166259766e+00,9.798730909824371338e-02
8.550941348075866699e-01,-6.241645812988281250e-01,2.233348846435546875e+00
1.125679850578308105e+00,-6.629106998443603516e-01,-3.586020767688751221e-01
6.817581057548522949e-01,8.014750480651855469e-01,-2.429164171218872070e+00
2.558527946472167969e+00,4.901984930038452148e-01,-1.982405304908752441e+00
3.342057704925537109e+00,-1.284581065177917480e+00,-2.639169454574584961e+00
2.246284484863281250e+00,6.231741309165954590e-01,-1.651965975761413574e+00
7.791730165481567383e-01,1.806333899497985840e+00,1.622026562690734863e+00
2.787393331527709961e+00,6.558471322059631348e-01,-8.247693181037902832e-01
7.233284115791320801e-01,1.834400773048400879e+00,-2.101377010345458984e+00
2.905222654342651367e+00,1.672368049621582031e+00,2.880346536636352539e+00
9.940410852432250977e-01,-1.097735643386840820e+00,1.013776659965515137e-01
8.753219246864318848e-01,-6.014078855514526367e-01,2.189655780792236328e+00
6.818584799766540527e-01,8.014135360717773438e-01,-2.429215669631958008e+00
1.215397596359252930e+00,9.295063018798828125e-01,9.804595112800598145e-01
2.237387418746948242e+00,6.264503598213195801e-01,-1.646225571632385254e+00
7.790068984031677246e-01,1.806930899620056152e+00,1.621827483177185059e+00
7.305743694305419922e-01,1.830767750740051270e+00,-2.077387094497680664e+00
2.799354076385498047e+00,6.539976000785827637e-01,-8.247381448745727539e-01
4.833843231201171875e+00,-1.551522016525268555e+00,1.987414240837097168e+00
1.057627797126770020e+00,-1.124731183052062988e+00,1.389269977807998657e-01
6.818103790283203125e-01,8.012512922286987305e-01,-2.428904294967651367e+00
1.322349667549133301e+00,1.263291478157043457e+00,3.752112388610839844e-04
1.218120813369750977e+00,9.190338850021362305e-01,9.800152182579040527e-01
7.793065905570983887e-01,1.806336760520935059e+00,1.622057437896728516e+00
2.513748645782470703e+00,6.803658008575439453e-01,-8.432456254959106445e-01
2.893668889999389648e+00,1.641977429389953613e+00,2.863160610198974609e+00
4.876585960388183594e+00,-1.544537067413330078e+00,2.026384115219116211e+00
7.249410748481750488e-01,5.490014553070068359e-01,-1.249628067016601562e+00
9.749147295951843262e-01,-1.083375573158264160e+00,7.881915569305419922e-02
1.147387266159057617e+00,-6.635986566543579102e-01,-3.745843172073364258e-01
1.218314051628112793e+00,9.197014570236206055e-01,9.820483326911926270e-01
7.763202190399169922e-01,1.811420798301696777e+00,1.622297883033752441e+00
2.773596286773681641e+00,6.613582968711853027e-01,-8.223794698715209961e-01
2.894371271133422852e+00,1.643216133117675781e+00,2.864200353622436523e+00
1.068061828613281250e+00,-1.118236184120178223e+00,1.332499235868453979e-01
9.255129694938659668e-01,-5.452660918235778809e-01,2.100222587585449219e+00
1.147605895996093750e+00,-6.632574796676635742e-01,-3.746633529663085938e-01
6.861711740493774414e-01,8.020633459091186523e-01,-2.436292648315429688e+00
1.217126846313476562e+00,9.189615249633789062e-01,9.797633290290832520e-01
5.985069274902343750e-01,-1.216057062149047852e+00,8.107238411903381348e-01
2.223440408706665039e+00,6.310861110687255859e-01,-1.639631748199462891e+00
7.789964675903320312e-01,1.806535363197326660e+00,1.622075319290161133e+00
2.762241840362548828e+00,6.594443917274475098e-01,-8.250128626823425293e-01
4.931335449218750000e+00,-1.534582257270812988e+00,2.074000835418701172e+00
2.497863769531250000e+00,-3.737900853157043457e-01,-1.489830493927001953e+00
7.255637049674987793e-01,5.490370392799377441e-01,-1.253376841545104980e+00
1.471753358840942383e+00,-1.261990904808044434e+00,2.532287240028381348e-01
8.819071650505065918e-01,-5.958580970764160156e-01,2.175898075103759766e+00
6.811271309852600098e-01,8.011530637741088867e-01,-2.427928686141967773e+00
1.198463201522827148e+00,9.111832380294799805e-01,9.651438593864440918e-01
3.334254026412963867e+00,-1.285552024841308594e+00,-2.631647348403930664e+00
7.773303985595703125e-01,1.808673977851867676e+00,1.624662876129150391e+00
7.300100326538085938e-01,1.830891966819763184e+00,-2.079139947891235352e+00
2.789665222167968750e+00,6.550776958465576172e-01,-8.251870274543762207e-01
8.736736774444580078e-01,-6.023256778717041016e-01,2.192232847213745117e+00
1.146340489387512207e+00,-6.617877483367919922e-01,-3.734130561351776123e-01
1.206251382827758789e+00,9.165936708450317383e-01,9.660039544105529785e-01
2.560992717742919922e+00,4.908352494239807129e-01,-1.982655763626098633e+00
1.131646156311035156e+00,4.962366223335266113e-01,-1.559270322322845459e-01
2.270575761795043945e+00,6.138108968734741211e-01,-1.666438341140747070e+00
7.780676484107971191e-01,1.808613419532775879e+00,1.622917771339416504e+00
2.777083873748779297e+00,6.574044227600097656e-01,-8.248451948165893555e-01
4.871506690979003906e+00,-1.545920968055725098e+00,2.016531467437744141e+00
1.040056228637695312e+00,-1.116247177124023438e+00,1.318150609731674194e-01
9.081001281738281250e-01,-5.693293809890747070e-01,2.126853704452514648e+00
1.150268793106079102e+00,-6.694810390472412109e-01,-3.782261610031127930e-01
2.272961616516113281e+00,6.104481816291809082e-01,-1.671253442764282227e+00
7.792474031448364258e-01,1.806246399879455566e+00,1.622177004814147949e+00
7.265723943710327148e-01,1.832576870918273926e+00,-2.089935779571533203e+00
2.908313989639282227e+00,1.690695285797119141e+00,2.884944438934326172e+00
4.893003463745117188e+00,-1.542344570159912109e+00,2.042658805847167969e+00
7.288570404052734375e-01,5.476229786872863770e-01,-1.276941299438476562e+00
1.047278165817260742e+00,-1.143299818038940430e+00,1.616676002740859985e-01
6.806786656379699707e-01,8.017836809158325195e-01,-2.426576137542724609e+00
1.207172036170959473e+00,9.167504310607910156e-01,9.664270281791687012e-01
1.463632464408874512e+00,1.135973215103149414e+00,1.326777815818786621e+00
2.791439056396484375e+00,6.584769487380981445e-01,-8.221219778060913086e-01
7.413688898086547852e-01,1.825415492057800293e+00,-2.039914846420288086e+00
4.774297237396240234e+00,-1.561679124832153320e+00,1.946323275566101074e+00
2.484534502029418945e+00,-3.721721172332763672e-01,-1.496315717697143555e+00
8.744385838508605957e-01,-6.018280386924743652e-01,2.190537691116333008e+00
2.222605705261230469e+00,6.320546865463256836e-01,-1.637921452522277832e+00
7.792237997055053711e-01,1.806171059608459473e+00,1.622317790985107422e+00
2.793331623077392578e+00,6.550552248954772949e-01,-8.247580528259277344e-01
2.976084470748901367e+00,1.067359209060668945e+00,2.081775665283203125e+00
2.483279228210449219e+00,-3.697298467159271240e-01,-1.491607785224914551e+00
9.655792713165283203e-01,-1.080017328262329102e+00,7.128407061100006104e-02
8.538722395896911621e-01,-6.254370212554931641e-01,2.235227346420288086e+00
1.198591709136962891e+00,9.103744029998779297e-01,9.578464627265930176e-01
2.684407234191894531e+00,5.283054709434509277e-01,-1.998581647872924805e+00
2.273056745529174805e+00,6.130641102790832520e-01,-1.667509078979492188e+00
7.770293951034545898e-01,1.809770941734313965e+00,1.624444723129272461e+00
2.852557659149169922e+00,1.554525017738342285e+00,2.820013523101806641e+00
9.825354814529418945e-01,-1.089232802391052246e+00,8.805313706398010254e-02
9.477898478507995605e-01,-5.127075910568237305e-01,2.062299251556396484e+00
1.146488666534423828e+00,-6.620751619338989258e-01,-3.739036023616790771e-01
1.209845781326293945e+00,9.168344736099243164e-01,9.697511792182922363e-01
5.941875576972961426e-01,-1.133946776390075684e+00,9.061462283134460449e-01
2.264763593673706055e+00,6.158446073532104492e-01,-1.662895560264587402e+00
2.889191150665283203e+00,1.632715463638305664e+00,2.857023477554321289e+00
2.483763694763183594e+00,-3.697090446949005127e-01,-1.491337776184082031e+00
9.587724208831787109e-01,-1.076498866081237793e+00,6.225247681140899658e-02
9.244993329048156738e-01,-5.473223328590393066e-01,2.102327108383178711e+00
1.147025346755981445e+00,-6.617946028709411621e-01,-3.737696707248687744e-01
7.794087529182434082e-01,1.806279540061950684e+00,1.621686697006225586e+00
7.311385869979858398e-01,1.830279231071472168e+00,-2.075193405151367188e+00
2.785484313964843750e+00,6.566315293312072754e-01,-8.243932127952575684e-01
1.045730471611022949e+00,-1.120766401290893555e+00,1.333640962839126587e-01
9.468769431114196777e-01,-4.962426424026489258e-01,2.042540550231933594e+00
6.808434724807739258e-01,8.012149333953857422e-01,-2.427477121353149414e+00
9.287219047546386719e-01,-6.681205034255981445e-01,-5.786931514739990234e-02
7.789889574050903320e-01,1.806498169898986816e+00,1.622388243675231934e+00
7.353612184524536133e-01,1.828239083290100098e+00,-2.061472415924072266e+00
4.871052742004394531e+00,-1.545327782630920410e+00,2.020769119262695312e+00
2.503512382507324219e+00,-3.802871704101562500e-01,-1.492130637168884277e+00
