8.860095739364624023e-01,1.277052283287048340e+00,1.251587629318237305e+00
9.881781339645385742e-01,4.691996574401855469e-01,6.854555010795593262e-01
3.248818635940551758e+00,2.441033720970153809e-01,-2.440268516540527344e+00
9.424003362655639648e-01,-1.257965087890625000e+00,-1.455061793327331543e+00
2.815097093582153320e+00,1.399621844291687012e+00,-3.845507502555847168e-01
1.273638725280761719e+00,5.245844721794128418e-01,-2.527586698532104492e+00
3.173632621765136719e-01,-2.704727649688720703e-01,-1.848960667848587036e-01
6.354445934295654297e+00,-1.548600316047668457e+00,2.056718111038208008e+00
1.975588798522949219e+00,-6.701061129570007324e-01,2.704980373382568359e+00
1.790307521820068359e+00,-9.429666399955749512e-02,-1.938409805297851562e+00
5.680975437164306641e+00,8.605183362960815430e-01,2.363791227340698242e+00
2.568189620971679688e+00,-7.548826336860656738e-01,-2.584548234939575195e+00
3.342085361480712891e+00,5.277264118194580078e-02,-1.396314263343811035e+00
5.120093226432800293e-01,-7.163943648338317871e-01,-1.852074980735778809e+00
1.342995166778564453e+00,-5.754157900810241699e-01,-6.613345146179199219e-01
1.866867065429687500e+00,-9.815536737442016602e-01,1.576412916183471680e+00
6.947080492973327637e-01,-1.101582527160644531e+00,-2.115872621536254883e+00
2.569441080093383789e+00,-1.936822533607482910e+00,3.071159720420837402e-01
6.354487419128417969e+00,-1.548589468002319336e+00,2.063690900802612305e+00
4.916861057281494141e-01,7.751065492630004883e-02,-1.361992061138153076e-01
7.422410845756530762e-01,9.625085592269897461e-01,6.158438324928283691e-01
1.837659358978271484e+00,-1.002378702163696289e+00,-1.278683304786682129e+00
1.570436358451843262e+00,-2.635132372379302979e-01,1.412235140800476074e+00
7.106687426567077637e-01,-1.036957263946533203e+00,1.889250397682189941e+00
3.406355381011962891e-01,9.285730123519897461e-02,-2.044271945953369141e+00
5.783983469009399414e-01,9.983373880386352539e-01,8.352509140968322754e-01
7.558129429817199707e-01,5.421507358551025391e-01,5.290368199348449707e-01
2.290186166763305664e+00,-1.720651507377624512e+00,2.722059726715087891e+00
7.994996309280395508e-01,1.535275220870971680e+00,-3.217156827449798584e-01
2.406866252422332764e-01,-2.190918445587158203e+00,2.544200897216796875e+00
6.361570358276367188e-01,1.507874131202697754e-01,1.962807774543762207e+00
4.670647382736206055e-01,-1.384939908981323242e+00,1.681722760200500488e+00
2.111904144287109375e+00,-1.766125202178955078e+00,2.286247014999389648e+00
2.994107246398925781e+00,1.546236515045166016e+00,2.080408096313476562e+00
1.055398464202880859e+00,9.170635938644409180e-01,-2.036145925521850586e+00
2.674736976623535156e-01,7.429256439208984375e-01,-8.170449733734130859e-01
8.906162261962890625e+00,5.843156576156616211e-02,2.223818302154541016e+00
1.887145757675170898e+00,5.424175262451171875e-01,-1.616455197334289551e+00
4.539695084095001221e-01,1.263164162635803223e+00,9.572061896324157715e-01
2.026566743850708008e+00,-2.079921960830688477e-01,1.210242271423339844e+00
4.560491561889648438e+00,1.215912103652954102e+00,-2.104246616363525391e+00
7.272787570953369141e+00,1.918673038482666016e+00,-1.030827522277832031e+00
6.228687763214111328e-01,9.560034275054931641e-01,2.680473566055297852e+00
4.558979988098144531e+00,1.222668647766113281e+00,-2.111563682556152344e+00
2.478644549846649170e-01,2.306956529617309570e+00,-4.309228956699371338e-01
5.841851234436035156e+00,-1.015758752822875977e+00,2.393069267272949219e+00
6.475083827972412109e+00,2.219326496124267578e+00,-5.669056773185729980e-01
7.651444673538208008e-01,1.295717120170593262e+00,4.972089827060699463e-02
2.769714593887329102e+00,-1.263194799423217773e+00,-2.655956983566284180e+00
1.901932954788208008e+00,-4.585487246513366699e-01,2.609716892242431641e+00
8.012902736663818359e-01,1.532428145408630371e+00,-3.182537853717803955e-01
2.635064363479614258e+00,-9.643105268478393555e-01,-8.846268057823181152e-01
2.485423088073730469e-01,2.309757471084594727e+00,-4.410341084003448486e-01
2.646508216857910156e+00,-1.922951936721801758e-01,1.846536278724670410e+00
4.620516777038574219e+00,5.752950906753540039e-03,2.600559592247009277e-01
4.480145454406738281e+00,-1.172188162803649902e+00,1.785858511924743652e+00
3.985616266727447510e-01,7.096862792968750000e-02,-2.960861682891845703e+00
3.940806150436401367e+00,4.103327989578247070e-01,1.113632917404174805e+00
2.449586153030395508e+00,-5.918347835540771484e-02,-1.349973320960998535e+00
8.908024787902832031e+00,6.179922819137573242e-02,2.223935842514038086e+00
1.822982311248779297e+00,-7.451888322830200195e-01,3.456100225448608398e-01
5.377252101898193359e-01,1.235135912895202637e+00,9.852539896965026855e-01
8.752508163452148438e-01,1.310145735740661621e+00,-2.794682264328002930e+00
6.792810916900634766e+00,-1.514560461044311523e+00,-1.740159869194030762e+00
4.905001640319824219e+00,-1.445391893386840820e+00,-2.190320968627929688e+00
2.231028318405151367e+00,8.247838020324707031e-01,-2.139809608459472656e+00
3.304704129695892334e-01,1.617940664291381836e-01,-2.453209638595581055e+00
4.686321258544921875e+00,-1.113988637924194336e+00,-2.662144899368286133e+00
2.180108785629272461e+00,4.369388222694396973e-01,-2.536574840545654297e+00
9.892925024032592773e-01,6.670500040054321289e-01,8.714322447776794434e-01
2.301618099212646484e+00,1.069225430488586426e+00,2.163336426019668579e-01
1.112350344657897949e+00,3.738377690315246582e-01,7.139829993247985840e-01
4.452645301818847656e+00,-1.247837781906127930e+00,-2.174333095550537109e+00
3.211556434631347656e+00,1.429057121276855469e-01,-2.476203203201293945e+00
2.545092403888702393e-01,-2.101601123809814453e+00,2.535754680633544922e+00
1.285387277603149414e+00,-1.323862791061401367e+00,1.457570642232894897e-01
5.245255231857299805e-01,4.763799905776977539e-02,4.910968542098999023e-01
1.976910829544067383e-01,-2.167644500732421875e-01,1.686194539070129395e+00
7.395552396774291992e-01,1.478768825531005859e+00,-2.005706578493118286e-01
3.748491048812866211e+00,-7.599695920944213867e-01,-2.353359937667846680e+00
1.079973936080932617e+00,-3.454278111457824707e-01,-1.392054796218872070e+00
9.126001358032226562e+00,1.517289161682128906e+00,-2.359148561954498291e-01
2.871825933456420898e+00,-1.427715063095092773e+00,-2.046971559524536133e+00
6.398074030876159668e-01,-6.913943290710449219e-01,-3.036299943923950195e+00
1.254151105880737305e+00,-2.214476823806762695e+00,4.475799798965454102e-01
1.631622314453125000e+00,-2.060397386550903320e+00,1.870825737714767456e-01
1.753492593765258789e+00,-1.826814889907836914e+00,2.760289669036865234e+00
1.626852154731750488e+00,-2.060491561889648438e+00,1.880103200674057007e-01
4.594377577304840088e-01,1.264136910438537598e+00,9.171060919761657715e-01
3.784303903579711914e+00,1.432181119918823242e+00,1.565704822540283203e+00
8.404209017753601074e-01,9.271441698074340820e-01,2.648900032043457031e+00
2.667292356491088867e+00,1.767666101455688477e+00,-2.214369297027587891e+00
4.900676727294921875e+00,5.559951066970825195e-01,2.137069940567016602e+00
2.855928242206573486e-01,-3.013517856597900391e-01,-1.951084733009338379e-01
3.513865470886230469e+00,1.287845253944396973e+00,1.290466308593750000e+00
2.226640939712524414e+00,-1.425729870796203613e+00,2.135105371475219727e+00
1.618218898773193359e+00,-9.165257215499877930e-03,2.819064140319824219e+00
2.773475885391235352e+00,1.416319727897644043e+00,2.139892578125000000e+00
5.019517898559570312e+00,1.332162737846374512e+00,-2.971386909484863281e+00
1.793383836746215820e+00,-1.033362448215484619e-01,-1.927533507347106934e+00
1.786324262619018555e+00,-9.221891164779663086e-01,1.858575224876403809e+00
2.037984371185302734e+00,3.594313263893127441e-01,-1.563216745853424072e-02
2.439424753189086914e+00,-1.324265003204345703e-01,2.272428274154663086e+00
1.369349598884582520e+00,-2.253402233123779297e+00,2.580944895744323730e-01
2.083079576492309570e+00,-5.183896422386169434e-01,-2.850131988525390625e+00
9.705676078796386719e+00,-1.177372455596923828e+00,-1.337951421737670898e+00
8.401009440422058105e-01,1.364841461181640625e+00,-2.726086616516113281e+00
2.563065767288208008e+00,-1.942389369010925293e+00,3.066811561584472656e-01
4.429543972015380859e+00,-1.586262285709381104e-01,-1.742355823516845703e-01
1.232157945632934570e+00,-1.697483658790588379e-02,-5.151608586311340332e-01
4.616108417510986328e+00,1.822605371475219727e+00,5.104631781578063965e-01
6.080552339553833008e-01,3.956495523452758789e-01,2.112486124038696289e+00
9.355589151382446289e-01,7.219794988632202148e-01,-2.372224569320678711e+00
1.749620676040649414e+00,1.817320823669433594e+00,-2.233386337757110596e-01
2.213277816772460938e+00,1.808465719223022461e+00,5.492290258407592773e-01
5.319490432739257812e+00,-7.155638933181762695e-02,2.617544174194335938e+00
6.417747974395751953e+00,2.183489322662353516e+00,-5.625975728034973145e-01
1.493072271347045898e+00,1.599560976028442383e-01,1.510059714317321777e+00
2.650156617164611816e-01,4.777751564979553223e-01,-1.968953371047973633e+00
1.065616607666015625e+00,-1.778653383255004883e+00,-2.971785545349121094e+00
2.296497583389282227e+00,1.073622941970825195e+00,2.157639712095260620e-01
1.838260412216186523e+00,-1.360327005386352539e-01,2.085310935974121094e+00
1.563437223434448242e+00,-1.361542463302612305e+00,2.229757785797119141e+00
2.742594718933105469e+00,-7.400852441787719727e-01,2.693480968475341797e+00
3.579944610595703125e+00,-9.821717739105224609e-01,2.734559297561645508e+00
3.755182623863220215e-01,3.921502828598022461e-02,2.343421220779418945e+00
5.972330570220947266e+00,3.801523447036743164e-01,-4.995502233505249023e-01
2.650955617427825928e-01,8.131778240203857422e-02,-2.102287530899047852e+00
1.890338897705078125e+00,2.488528490066528320e-01,1.507238388061523438e+00
6.775954365730285645e-01,1.952245950698852539e+00,-2.505344152450561523e+00
4.575865268707275391e+00,1.122783899307250977e+00,-2.131755828857421875e+00
3.068819999694824219e+00,2.062908172607421875e+00,-2.925023317337036133e+00
4.994451403617858887e-01,-8.781133890151977539e-01,-2.883589029312133789e+00
5.512542724609375000e-01,1.322144150733947754e+00,-1.811798334121704102e+00
1.988586664199829102e+00,3.804768323898315430e-01,9.974716305732727051e-01
4.686046123504638672e+00,-1.113217592239379883e+00,-2.661657094955444336e+00
6.277058720588684082e-01,9.888765811920166016e-01,2.668458461761474609e+00
3.358332872390747070e+00,-1.169569015502929688e+00,-2.028586715459823608e-01
6.091673970222473145e-01,6.652450561523437500e-02,5.847283601760864258e-01
1.562111020088195801e+00,1.639720201492309570e+00,-1.370783090591430664e+00
2.028088569641113281e+00,-1.829188168048858643e-01,-2.169915139675140381e-01
2.922392606735229492e+00,5.493655204772949219e-01,-6.323084235191345215e-01
5.627248287200927734e-01,-3.252147138118743896e-01,-1.017259836196899414e+00
9.620584249496459961e-01,-6.945215463638305664e-01,2.460812807083129883e+00
4.874801337718963623e-01,5.759216547012329102e-01,2.237840414047241211e+00
9.753742218017578125e+00,-1.196320772171020508e+00,-1.346407651901245117e+00
1.363098740577697754e+00,-3.156565427780151367e-01,1.820796847343444824e+00
5.205627679824829102e-01,1.396365046501159668e+00,2.433641433715820312e+00
1.307438015937805176e-01,2.582783222198486328e+00,5.267127156257629395e-01
1.129797816276550293e+00,-4.854695796966552734e-01,1.818681210279464722e-01
1.389654874801635742e+00,-1.694485425949096680e+00,2.558138847351074219e+00
2.113315820693969727e+00,7.713503837585449219e-01,-2.040037393569946289e+00
6.276854872703552246e-01,9.895442724227905273e-01,2.669566154479980469e+00
8.467154502868652344e-01,-1.758380293846130371e+00,-6.019836664199829102e-02
7.274396419525146484e+00,1.918606758117675781e+00,-1.030641794204711914e+00
1.824512958526611328e+00,-1.977083086967468262e-01,-8.404437303543090820e-01
2.027349948883056641e+00,-1.824699938297271729e-01,-2.182017564773559570e-01
1.794201374053955078e+00,-9.909507632255554199e-02,-1.926235675811767578e+00
6.353882789611816406e+00,-1.547745227813720703e+00,2.054142475128173828e+00
9.636132717132568359e-01,-9.309231042861938477e-01,2.807792425155639648e+00
1.418669939041137695e+00,-8.357056975364685059e-02,-5.281087756156921387e-01
2.079982757568359375e-01,1.804254293441772461e+00,5.532242655754089355e-01
3.385985195636749268e-01,4.474253058433532715e-01,-8.197862505912780762e-01
8.769879341125488281e-01,1.282306551933288574e+00,1.250654935836791992e+00
6.873978614807128906e+00,-1.542889714241027832e+00,-1.656502962112426758e+00
9.884324073791503906e+00,-9.487528800964355469e-01,2.586802959442138672e+00
9.934177398681640625e+00,2.038046121597290039e-01,-1.158500432968139648e+00
9.153055191040039062e+00,-1.141589641571044922e+00,-1.510235190391540527e+00
9.400818824768066406e+00,1.823683977127075195e+00,-8.711021393537521362e-02
1.379360675811767578e+00,-1.310935735702514648e+00,8.962695002555847168e-01
8.225829124450683594e+00,4.232505559921264648e-01,-2.460784673690795898e+00
7.048072814941406250e-01,3.210046887397766113e-01,-9.812735319137573242e-01
4.033077061176300049e-01,1.008329987525939941e-01,-1.854838848114013672e+00
4.554233551025390625e-01,-9.935304522514343262e-01,2.188107013702392578e+00
5.226387977600097656e-01,4.723101854324340820e-02,4.935697317123413086e-01
2.068808794021606445e+00,-7.154226303100585938e-02,-5.929819345474243164e-01
2.754181146621704102e+00,-5.107262730598449707e-01,-2.002329111099243164e+00
2.055893540382385254e-01,1.808627843856811523e+00,5.553964376449584961e-01
2.065761089324951172e+00,-7.563370466232299805e-02,-5.943714380264282227e-01
6.846243739128112793e-01,-1.070230960845947266e+00,5.447599887847900391e-01
4.464101791381835938e+00,-1.116477489471435547e+00,1.847220301628112793e+00
9.232077002525329590e-01,1.792341470718383789e+00,1.532042175531387329e-01
3.264410018920898438e+00,-2.102255344390869141e+00,-1.644755125045776367e+00
1.689831137657165527e+00,-8.667441606521606445e-01,1.862750172615051270e+00
2.374432802200317383e+00,-2.016438245773315430e-01,2.437989950180053711e+00
8.418697714805603027e-01,1.749652147293090820e+00,1.655728697776794434e+00
2.846474647521972656e+00,7.662692070007324219e-01,3.647503256797790527e-02
1.532356500625610352e+00,-4.472894370555877686e-01,2.292828798294067383e+00
4.426136970520019531e+00,-1.583338975906372070e-01,-1.766137182712554932e-01
4.318559169769287109e+00,-5.976834297180175781e-01,1.203273415565490723e+00
1.736446619033813477e+00,6.098036766052246094e-01,-1.565155744552612305e+00
3.953674137592315674e-01,-1.291360616683959961e+00,3.287292122840881348e-01
5.094251632690429688e+00,-1.253978312015533447e-01,-1.582051396369934082e+00
5.981785058975219727e-01,-1.118185520172119141e+00,1.055971503257751465e+00
9.122461318969726562e+00,1.517492175102233887e+00,-2.348809987306594849e-01
2.175776958465576172e-01,1.639559745788574219e+00,7.312945723533630371e-01
3.763290643692016602e-01,8.689347505569458008e-01,-2.821125984191894531e+00
1.036945104598999023e+00,-1.403340697288513184e-01,-2.782793760299682617e+00
2.664032220840454102e+00,1.768038749694824219e+00,-2.225053310394287109e+00
2.614066004753112793e-01,7.479701042175292969e-01,-8.156948089599609375e-01
3.659965991973876953e+00,1.428139805793762207e+00,-2.634239673614501953e+00
2.113337039947509766e+00,7.694748640060424805e-01,-2.036985874176025391e+00
7.543190121650695801e-01,1.316345572471618652e+00,5.919294059276580811e-02
2.813284635543823242e+00,-1.555600643157958984e+00,-2.386511325836181641e+00
3.428276062011718750e+00,-2.045082449913024902e-01,1.461056351661682129e+00
1.524592638015747070e+00,-4.501498937606811523e-01,2.289928197860717773e+00
6.090930104255676270e-01,6.521666049957275391e-02,5.849377512931823730e-01
3.211700916290283203e-01,1.565201044082641602e+00,6.455075144767761230e-01
1.306372284889221191e-01,2.585057497024536133e+00,5.268811583518981934e-01
2.436369955539703369e-01,2.317557334899902344e+00,-4.505834281444549561e-01
9.870810508728027344e-01,-1.118132114410400391e+00,-1.549569129943847656e+00
6.406306028366088867e-01,-6.934757828712463379e-01,-3.036360979080200195e+00
1.193980574607849121e-01,-2.057888507843017578e+00,1.574230909347534180e+00
2.744483053684234619e-01,-3.132282197475433350e-01,-2.819825887680053711e+00
2.082164764404296875e+00,-5.173406004905700684e-01,-2.847248554229736328e+00
1.324518203735351562e+00,-1.200297236442565918e+00,-2.480602264404296875e+00
3.697576045989990234e+00,1.209008932113647461e+00,1.199591159820556641e+00
2.629372358322143555e+00,-9.677692055702209473e-01,-8.825934529304504395e-01
2.927417039871215820e+00,1.181794524192810059e+00,1.400397717952728271e-02
1.376542806625366211e+00,-3.639742732048034668e-01,-2.546044111251831055e+00
4.808041453361511230e-01,5.884585380554199219e-01,2.257177591323852539e+00
1.154729723930358887e+00,2.279882669448852539e+00,8.121441304683685303e-02
1.055308103561401367e+00,-1.066828966140747070e-01,1.812869668006896973e+00
1.825602769851684570e+00,-7.452440857887268066e-01,3.296124935150146484e-01
1.537190437316894531e+00,1.478076100349426270e+00,-9.505886584520339966e-02
3.986021578311920166e-01,3.174538612365722656e-01,2.111984491348266602e+00
5.226948261260986328e-01,1.394865274429321289e+00,2.431742191314697266e+00
4.921526432037353516e+00,1.133165836334228516e+00,-2.910268068313598633e+00
3.732087373733520508e+00,4.942101240158081055e-02,1.526416182518005371e+00
9.927875518798828125e+00,2.050372362136840820e-01,-1.157364964485168457e+00
1.266401767730712891e+00,-1.215735673904418945e+00,-2.517067193984985352e+00
3.437060713768005371e-01,-1.345143318176269531e+00,-2.528697729110717773e+00
2.658502340316772461e+00,1.771049499511718750e+00,-2.226616621017456055e+00
3.577016353607177734e+00,-1.637538313865661621e+00,2.487052679061889648e+00
1.760309457778930664e+00,8.502047061920166016e-01,-1.957762002944946289e+00
2.563633441925048828e+00,-7.537238001823425293e-01,-2.585876703262329102e+00
6.298788547515869141e+00,8.433549404144287109e-01,-3.030768632888793945e+00
1.839206933975219727e+00,-1.360829472541809082e-01,2.085385322570800781e+00
1.646006822586059570e+00,-1.715561509132385254e+00,-1.838737964630126953e+00
6.034988760948181152e-01,-1.121950984001159668e+00,1.060918092727661133e+00
7.121953368186950684e-01,3.044851422309875488e-01,-2.428835391998291016e+00
2.179275512695312500e+00,4.320873618125915527e-01,-2.531674623489379883e+00
6.180270314216613770e-01,9.030055999755859375e-01,2.666150093078613281e+00
2.829029321670532227e+00,-1.440079689025878906e+00,-2.369893074035644531e+00
3.083621740341186523e+00,-1.684108376502990723e+00,1.916700720787048340e+00
1.580102920532226562e+00,3.726080656051635742e-01,1.565284878015518188e-01
1.167967557907104492e+00,7.846879959106445312e-01,-2.310686111450195312e+00
3.449011087417602539e+00,1.116543650627136230e+00,1.347926378250122070e+00
9.767379760742187500e-01,5.556553602218627930e-01,7.761020064353942871e-01
1.793365478515625000e+00,-1.028822958469390869e-01,-1.926345825195312500e+00
2.607865929603576660e-01,7.479952573776245117e-01,-8.149712085723876953e-01
6.043378829956054688e+00,-5.243626236915588379e-02,1.849538922309875488e+00
1.325341463088989258e+00,-1.201294898986816406e+00,-2.481527566909790039e+00
1.764975547790527344e+00,-6.875744462013244629e-01,-2.285122632980346680e+00
3.438415288925170898e+00,-1.098802804946899414e+00,2.795450210571289062e+00
4.296900629997253418e-01,5.480018854141235352e-01,-1.609871506690979004e+00
1.788244247436523438e+00,-8.300057053565979004e-02,-1.942905068397521973e+00
2.700685858726501465e-01,4.288673400878906250e-02,1.569432139396667480e+00
3.007921934127807617e+00,1.566775560379028320e+00,2.086275815963745117e+00
2.647935450077056885e-01,4.782705307006835938e-01,-1.968970656394958496e+00
1.114313006401062012e+00,-1.752961874008178711e+00,1.242025345563888550e-01
3.513429164886474609e+00,1.287772297859191895e+00,1.290595412254333496e+00
4.429486393928527832e-01,-8.064648509025573730e-02,2.225855350494384766e+00
1.873667001724243164e+00,-2.025133132934570312e+00,1.901577562093734741e-01
2.634124994277954102e+00,-7.804451584815979004e-01,-2.959932088851928711e+00
3.335649490356445312e+00,5.113458633422851562e-02,-1.391956806182861328e+00
3.337409496307373047e-01,-1.712882518768310547e+00,-6.861061453819274902e-01
5.000166893005371094e+00,-4.570930302143096924e-01,-1.852952480316162109e+00
1.848211526870727539e+00,-3.433845341205596924e-01,-3.372649848461151123e-02
6.238440275192260742e-01,9.464155435562133789e-01,2.656786441802978516e+00
6.228058934211730957e-01,9.555857181549072266e-01,2.680641889572143555e+00
6.127960085868835449e-01,-1.731596112251281738e+00,8.923386931419372559e-01
4.680822491645812988e-01,9.142665863037109375e-01,1.365126729011535645e+00
1.874164342880249023e+00,5.590091943740844727e-01,5.441236495971679688e-01
3.218981742858886719e+00,1.665363311767578125e-01,-2.508784294128417969e+00
2.284149408340454102e+00,8.209375143051147461e-01,-2.157051324844360352e+00
3.614758968353271484e+00,-5.885629653930664062e-01,-4.507964849472045898e-01
1.041683673858642578e+00,-2.245104312896728516e+00,1.378062844276428223e+00
5.849848747253417969e+00,-1.011982440948486328e+00,2.393001794815063477e+00
3.285375535488128662e-01,-1.811097145080566406e+00,-2.013299226760864258e+00
4.289902687072753906e+00,-2.039739191532135010e-01,-1.913622975349426270e+00
1.049410581588745117e+00,-1.617334485054016113e+00,-1.259134531021118164e+00
1.090834617614746094e+00,-2.459238469600677490e-01,5.114675164222717285e-01
7.503273487091064453e-01,6.701576709747314453e-01,1.327226161956787109e+00
9.344758987426757812e-01,1.226297736167907715e+00,-2.800774812698364258e+00
1.715461969375610352e+00,1.261215090751647949e+00,-1.839963644742965698e-01
3.837173581123352051e-01,8.669313192367553711e-01,-2.818892478942871094e+00
1.325636029243469238e+00,-1.200488090515136719e+00,-2.480778694152832031e+00
7.291644811630249023e-01,1.463101148605346680e+00,-5.670716762542724609e-01
1.520942807197570801e+00,-4.512546360492706299e-01,2.286268711090087891e+00
2.632309913635253906e+00,-8.745774030685424805e-01,2.766074895858764648e+00
3.506876468658447266e+00,-1.027453660964965820e+00,-1.866218566894531250e+00
1.162096977233886719e+00,-1.227171778678894043e+00,-2.698115348815917969e+00
3.784638404846191406e+00,1.389337778091430664e-01,1.247038602828979492e+00
2.433772802352905273e+00,-1.326103806495666504e-01,2.272009611129760742e+00
2.842226505279541016e+00,7.788852453231811523e-01,9.295584559440612793e-01
1.522747278213500977e+00,-4.504851698875427246e-01,2.286364793777465820e+00
4.427748203277587891e+00,6.119275093078613281e-01,2.099747180938720703e+00
9.638786315917968750e-01,-9.311903715133666992e-01,2.807857990264892578e+00
3.600171506404876709e-01,5.840399265289306641e-01,-7.745732069015502930e-01
1.276610136032104492e+00,1.903052568435668945e+00,1.363635540008544922e+00
6.383182048797607422e+00,2.164443731307983398e+00,-5.586572885513305664e-01
9.617543816566467285e-01,-9.248712658882141113e-01,2.803256273269653320e+00
4.650953412055969238e-01,5.584710836410522461e-01,2.206204652786254883e+00
1.322003126144409180e+00,2.148451805114746094e+00,-1.737561345100402832e+00
3.217924118041992188e+00,1.688541173934936523e-01,-2.508469581604003906e+00
9.892179489135742188e+00,-9.517060518264770508e-01,2.589252710342407227e+00
6.276171803474426270e-01,9.867261648178100586e-01,2.666649103164672852e+00
1.115852236747741699e+00,-1.664441466331481934e+00,-2.741402626037597656e+00
9.349205493927001953e-01,1.226187944412231445e+00,-2.800668239593505859e+00
1.685570955276489258e+00,-2.731443047523498535e-01,6.014934182167053223e-01
3.797755837440490723e-01,4.885971546173095703e-02,2.350330114364624023e+00
2.262882947921752930e+00,1.985172986984252930e+00,-2.554492235183715820e+00
3.303983211517333984e-01,-1.810011625289916992e+00,-2.020128965377807617e+00
1.761602878570556641e+00,-1.836571812629699707e+00,2.774605989456176758e+00
3.562522649765014648e+00,-1.641273617744445801e+00,2.583699464797973633e+00
1.261091709136962891e+00,-1.119748592376708984e+00,2.783086061477661133e+00
4.383881986141204834e-01,-1.508002161979675293e+00,3.167355656623840332e-01
1.416551351547241211e+00,-8.334884047508239746e-02,-5.279379487037658691e-01
2.358358144760131836e+00,6.724698543548583984e-01,3.005867004394531250e-01
4.831271171569824219e-01,8.318843841552734375e-01,-2.305074453353881836e+00
1.049122810363769531e+00,-3.324480652809143066e-01,-2.793159723281860352e+00
5.423041582107543945e-01,1.230524778366088867e+00,9.807426333427429199e-01
9.773442745208740234e-01,8.229568004608154297e-01,-2.326558351516723633e+00
9.745527267456054688e+00,-1.193245410919189453e+00,-1.344935536384582520e+00
2.178195416927337646e-01,1.639564275741577148e+00,7.313083410263061523e-01
8.105238080024719238e-01,-2.197458267211914062e+00,-2.536204099655151367e+00
5.222798585891723633e-01,1.396093845367431641e+00,2.428532838821411133e+00
2.009141445159912109e-01,-2.191537618637084961e-01,1.684460759162902832e+00
2.615453720092773438e+00,-8.254525661468505859e-01,-1.055498957633972168e+00
1.973395586013793945e+00,-6.250491142272949219e-01,-2.151893138885498047e+00
1.287666678428649902e+00,-4.214818179607391357e-01,2.798120021820068359e+00
1.886005401611328125e+00,5.483233928680419922e-01,-1.617618560791015625e+00
1.226845979690551758e+00,-1.573076844215393066e-02,-5.174983739852905273e-01
2.530222892761230469e+00,5.617890357971191406e-01,1.360842436552047729e-01
2.769993782043457031e+00,-3.331338465213775635e-01,1.280297636985778809e+00
1.766865015029907227e+00,1.475539684295654297e+00,-3.402377367019653320e-01
7.812611460685729980e-01,3.208319544792175293e-01,-3.075364351272583008e+00
3.268830060958862305e+00,2.682961821556091309e-01,2.042361259460449219e+00
8.225781440734863281e+00,4.243201017379760742e-01,-2.459610939025878906e+00
6.448397636413574219e-01,-3.565568327903747559e-01,4.268080592155456543e-01
2.277773320674896240e-01,-1.606491208076477051e-01,9.001953005790710449e-01
3.345769345760345459e-01,1.460611224174499512e-01,-2.515871763229370117e+00
2.922977924346923828e+00,5.485167503356933594e-01,-6.328790187835693359e-01
4.285648822784423828e+00,1.539932012557983398e+00,1.936928391456604004e+00
2.089529514312744141e+00,-6.106142997741699219e-01,4.015358090400695801e-01
4.426425933837890625e+00,6.087588071823120117e-01,2.100999593734741211e+00
4.801263332366943359e+00,1.147363424301147461e+00,-2.744026422500610352e+00
2.455560684204101562e+00,-6.232345104217529297e-02,-1.350027561187744141e+00
9.234287738800048828e-01,1.787713766098022461e+00,1.559348553419113159e-01
4.458193302154541016e+00,-1.113768815994262695e+00,1.839424014091491699e+00
3.421137809753417969e+00,5.803828239440917969e-01,2.142082214355468750e+00
2.712472677230834961e+00,1.755679845809936523e+00,-2.266982555389404297e+00
3.219072818756103516e+00,1.666686534881591797e-01,-2.508116483688354492e+00
5.233885049819946289e-01,1.396215438842773438e+00,2.434560775756835938e+00
1.857241868972778320e+00,-9.800702929496765137e-01,1.572383284568786621e+00
6.832621097564697266e-01,-1.311140060424804688e+00,8.058457970619201660e-01
2.038750410079956055e+00,3.585417866706848145e-01,-1.482792198657989502e-02
2.966685295104980469e+00,3.571996092796325684e-01,-2.538175106048583984e+00
3.332446575164794922e+00,2.364030480384826660e-01,1.891061425209045410e+00
2.524950981140136719e+00,-1.953080296516418457e+00,2.870564460754394531e-01
8.232056498527526855e-01,8.979371786117553711e-01,-4.606559872627258301e-01
4.166097939014434814e-01,-1.343850970268249512e+00,2.735632181167602539e+00
4.672700762748718262e-01,9.158712625503540039e-01,1.361032009124755859e+00
1.540099143981933594e+00,-2.016610145568847656e+00,9.072387814521789551e-01
6.227874159812927246e-01,9.549750089645385742e-01,2.680051803588867188e+00
2.024513006210327148e+00,-2.072930037975311279e-01,1.209428548812866211e+00
2.303658246994018555e+00,4.986288547515869141e-01,-2.506915330886840820e+00
6.357985019683837891e+00,-1.549655437469482422e+00,2.060089349746704102e+00
3.094575166702270508e+00,6.324237585067749023e-02,-2.911379337310791016e-01
2.356356859207153320e+00,-1.436101436614990234e+00,2.257084131240844727e+00
7.219671607017517090e-01,-1.023990631103515625e+00,1.905522465705871582e+00
4.281781673431396484e+00,-1.960909962654113770e-01,-1.904278755187988281e+00
3.234099864959716797e+00,2.679753303527832031e-02,1.118998169898986816e+00
5.095568180084228516e+00,-1.225102543830871582e-01,-1.581120014190673828e+00
6.743899583816528320e-01,-9.594701528549194336e-01,1.617878317832946777e+00
4.686453819274902344e+00,-1.113213539123535156e+00,-2.661749839782714844e+00
2.288687705993652344e+00,-1.713395595550537109e+00,2.716718912124633789e+00
2.093883991241455078e+00,-2.419086098670959473e-01,1.682082891464233398e+00
3.437789440155029297e+00,-1.098093032836914062e+00,2.793519973754882812e+00
9.979966878890991211e-01,8.560326099395751953e-01,-1.484055757522583008e+00
3.695434093475341797e+00,1.208518624305725098e+00,1.200836420059204102e+00
3.509103059768676758e+00,-1.033413529396057129e+00,-1.874416112899780273e+00
1.438415765762329102e+00,-1.750516176223754883e+00,2.297593832015991211e+00
3.101634263992309570e+00,-1.977027893066406250e+00,4.530650377273559570e-01
6.319862842559814453e+00,8.442418575286865234e-01,-3.076153993606567383e+00
1.558318138122558594e+00,1.626412630081176758e+00,-1.371014833450317383e+00
4.684653282165527344e-01,8.940845727920532227e-01,1.378120064735412598e+00
2.441159248352050781e+00,-1.311276853084564209e-01,2.274597644805908203e+00
1.482793569564819336e+00,4.393690824508666992e-02,-1.836629390716552734e+00
2.067313671112060547e+00,7.740725278854370117e-01,-2.312347143888473511e-01
1.962430000305175781e+00,-1.152628660202026367e-02,1.038330435752868652e+00
2.963796377182006836e+00,1.452830672264099121e+00,2.101324558258056641e+00
6.976900696754455566e-01,-1.102707624435424805e+00,-2.117287635803222656e+00
3.460811376571655273e+00,1.119134187698364258e+00,1.356794238090515137e+00
4.533121287822723389e-01,1.265590429306030273e+00,9.559829831123352051e-01
5.563229918479919434e-01,9.700107574462890625e-01,1.269110083580017090e+00
4.688858687877655029e-01,8.870760202407836914e-01,1.383634686470031738e+00
4.687016010284423828e+00,-1.113689899444580078e+00,-2.662138223648071289e+00
2.284806966781616211e+00,8.217849731445312500e-01,-2.153666973114013672e+00
1.304234695434570312e+01,1.329282522201538086e+00,2.728458642959594727e-01
1.667260885238647461e+00,-1.476966142654418945e+00,-5.971528291702270508e-01
1.258697867393493652e+00,-2.222933769226074219e+00,4.473370313644409180e-01
4.471931457519531250e+00,-1.122951030731201172e+00,1.854247927665710449e+00
2.402036666870117188e+00,1.981750130653381348e-02,-9.568663835525512695e-01
3.491604328155517578e-01,-1.637650728225708008e+00,-6.527509689331054688e-01
3.507658958435058594e+00,-1.034546256065368652e+00,-1.876915812492370605e+00
1.324508380889892578e+01,1.356822133064270020e+00,3.081679344177246094e-01
5.020230770111083984e+00,1.332656025886535645e+00,-2.971286773681640625e+00
1.122414588928222656e+00,-6.927048563957214355e-01,2.481266975402832031e+00
1.821827650070190430e+00,-7.113704681396484375e-01,3.786950111389160156e-01
3.577209711074829102e+00,-1.638523936271667480e+00,2.487900257110595703e+00
2.329061985015869141e+00,-1.458768546581268311e-01,1.002791523933410645e+00
2.408110201358795166e-01,-1.318955421447753906e-01,1.992824435234069824e+00
1.985129714012145996e-01,-2.342202663421630859e+00,2.617162942886352539e+00
4.152936935424804688e-01,-1.351201176643371582e+00,2.737720966339111328e+00
5.095290184020996094e+00,-1.225728988647460938e-01,-1.580852031707763672e+00
7.223755359649658203e+00,7.299594879150390625e-01,1.752776265144348145e+00
3.639789104461669922e+00,1.771561861038208008e+00,-7.145986557006835938e-01
2.828016281127929688e+00,-7.404030561447143555e-01,1.829717904329299927e-01
3.320991277694702148e+00,2.584846615791320801e-01,2.410073280334472656e+00
1.823178768157958984e+00,-7.120725512504577637e-01,3.830869793891906738e-01
2.578219771385192871e-01,-2.047071933746337891e+00,2.534718990325927734e+00
9.959487318992614746e-01,8.539589643478393555e-01,-1.480903029441833496e+00
4.574755668640136719e+00,1.122659683227539062e+00,-2.131945848464965820e+00
2.002886533737182617e-01,-5.723461508750915527e-02,-1.426904082298278809e+00
1.993468403816223145e-01,-5.773696303367614746e-02,-1.427562832832336426e+00
7.608534693717956543e-01,1.313301324844360352e+00,3.639996051788330078e-02
4.303519248962402344e+00,-2.046696186065673828e+00,5.167517066001892090e-01
3.359534263610839844e+00,2.432553172111511230e-01,1.892114520072937012e+00
5.791984200477600098e-01,1.542165756225585938e+00,-3.606898784637451172e-01
6.872594356536865234e-01,-1.311250686645507812e+00,8.026965260505676270e-01
2.632003068923950195e+00,-8.758178353309631348e-01,2.766299486160278320e+00
1.617920637130737305e+00,-9.355902671813964844e-03,2.819140434265136719e+00
1.802852630615234375e+00,-1.910885572433471680e-01,-8.373242020606994629e-01
5.094779491424560547e+00,-1.235114037990570068e-01,-1.580884933471679688e+00
3.283882141113281250e-01,1.810687184333801270e-01,-2.312843561172485352e+00
3.785289287567138672e+00,1.394621729850769043e-01,1.244681835174560547e+00
3.094116687774658203e+00,6.324386596679687500e-02,-2.906896471977233887e-01
9.507259130477905273e-01,-9.193059206008911133e-01,2.769398927688598633e+00
2.402402877807617188e+00,1.886153221130371094e-02,-9.574869871139526367e-01
1.093608856201171875e+00,-3.558745384216308594e-01,-1.393930315971374512e+00
2.471151828765869141e+00,2.823342084884643555e-01,-2.781868696212768555e+00
2.345427989959716797e+00,6.488145589828491211e-01,2.897048592567443848e-01
3.432391166687011719e+00,-1.970923542976379395e-01,1.465297579765319824e+00
1.876397728919982910e-01,1.041806340217590332e+00,-1.733076333999633789e+00
1.169830131530761719e+01,2.772832512855529785e-01,2.414253473281860352e+00
1.287990570068359375e+00,-4.218619763851165771e-01,2.798200368881225586e+00
7.920259475708007812e+00,8.762662410736083984e-01,-2.320180237293243408e-01
1.029679298400878906e+00,1.801450967788696289e+00,1.614451766014099121e+00
4.276032447814941406e+00,-1.092073917388916016e+00,-6.764836311340332031e-01
4.607015848159790039e-01,-2.235738277435302734e+00,-1.396864652633666992e+00
1.971378564834594727e+00,-6.240157485008239746e-01,-2.156481981277465820e+00
8.783185482025146484e-01,8.357089757919311523e-01,-5.103712677955627441e-01
4.338310062885284424e-01,1.168472170829772949e-01,2.414383649826049805e+00
1.012062788009643555e+00,-6.636484861373901367e-01,2.512877464294433594e+00
6.280458927154541016e+00,2.103148221969604492e+00,-5.552749037742614746e-01
2.402251243591308594e+00,1.829111576080322266e-02,-9.583201408386230469e-01
7.275419235229492188e-01,1.463660240173339844e+00,-5.663726925849914551e-01
2.129444837570190430e+00,1.123115897178649902e+00,2.297227859497070312e+00
6.620241641998291016e+00,-4.770982563495635986e-01,1.410150527954101562e+00
8.539059162139892578e-01,-1.906232118606567383e+00,1.203284502029418945e+00
6.305995464324951172e+00,3.299183845520019531e-01,-6.153274774551391602e-01
6.300275802612304688e+00,8.418241739273071289e-01,-3.024916648864746094e+00
1.466096639633178711e+00,7.300658226013183594e-01,2.349397897720336914e+00
1.388663530349731445e+00,-8.870651721954345703e-01,-2.298606395721435547e+00
6.789571046829223633e-01,2.244435548782348633e-01,-2.193274259567260742e+00
6.840129375457763672e+00,-8.256993293762207031e-01,-2.605354785919189453e+00
3.402547359466552734e+00,-1.087067723274230957e-01,1.523417949676513672e+00
2.620558738708496094e+00,-1.428373098373413086e+00,3.038734197616577148e-01
3.389882802963256836e+00,-6.725829243659973145e-01,1.604597687721252441e+00
7.405322194099426270e-01,9.647208452224731445e-01,6.186555027961730957e-01
2.445625960826873779e-01,-2.174030780792236328e+00,2.527153968811035156e+00
8.574248552322387695e-01,7.312394380569458008e-01,2.194342374801635742e+00
1.476180315017700195e+00,6.695493459701538086e-01,2.748479604721069336e+00
1.218225240707397461e+00,8.744753599166870117e-01,6.007827520370483398e-01
1.970128417015075684e-01,-5.890032649040222168e-02,-1.429050445556640625e+00
6.410539150238037109e-01,-6.960332393646240234e-01,-3.037411212921142578e+00
2.491466999053955078e+00,-1.281467914581298828e+00,-8.213424086570739746e-01
1.134258151054382324e+00,-1.315536737442016602e+00,-2.677739858627319336e+00
9.787763357162475586e-01,1.321440696716308594e+00,-1.226585984230041504e+00
2.976390421390533447e-01,1.054968237876892090e-01,1.523361802101135254e+00
3.782729387283325195e+00,-7.793584465980529785e-01,-2.338556766510009766e+00
1.476484775543212891e+00,5.343452095985412598e-01,-2.522861480712890625e+00
5.230829715728759766e-01,1.737768888473510742e+00,-2.223641633987426758e+00
2.833944261074066162e-01,-3.021884262561798096e-01,-1.960949748754501343e-01
3.985432684421539307e-01,7.083922624588012695e-02,-2.960884094238281250e+00
7.925301194190979004e-01,1.172314882278442383e-01,-1.511992573738098145e+00
3.314480543136596680e+00,1.347793936729431152e-01,-2.246525287628173828e+00
2.374535083770751953e+00,-2.028530836105346680e-01,2.437578678131103516e+00
3.392144441604614258e+00,-6.841127872467041016e-01,1.609195709228515625e+00
3.265815973281860352e+00,-2.101045370101928711e+00,-1.647523641586303711e+00
3.827019214630126953e+00,4.915374517440795898e-02,1.687233448028564453e+00
2.715801000595092773e-01,4.659038782119750977e-02,1.568812847137451172e+00
3.619293212890625000e+00,1.707027435302734375e+00,6.354899704456329346e-02
2.020525932312011719e-01,-5.649140477180480957e-02,-1.425833940505981445e+00
1.574782133102416992e+00,1.498811841011047363e+00,-1.163562759757041931e-01
9.210687875747680664e-01,1.785989046096801758e+00,1.558222621679306030e-01
1.021777033805847168e+00,-1.487639069557189941e+00,-2.141980171203613281e+00
6.309228897094726562e+00,-9.615927934646606445e-02,1.743964076042175293e+00
2.129809379577636719e+00,-9.345135688781738281e-01,1.592860817909240723e+00
3.218701839447021484e+00,1.675365567207336426e-01,-2.507128953933715820e+00
1.317062377929687500e+00,-8.210033178329467773e-01,2.595612764358520508e+00
2.875520467758178711e+00,-1.209370851516723633e+00,-2.517296552658081055e+00
8.419427871704101562e-01,1.355953216552734375e+00,-2.726042270660400391e+00
1.427043437957763672e+00,7.909363508224487305e-01,-6.484428644180297852e-01
7.669220566749572754e-01,-5.211573243141174316e-01,-1.014441967010498047e+00
1.690992832183837891e+00,-2.784523963928222656e-01,6.031566858291625977e-01
3.730533123016357422e+00,4.911547899246215820e-02,1.524790287017822266e+00
4.925094127655029297e+00,1.135094046592712402e+00,-2.914924144744873047e+00
9.600961208343505859e-02,-4.071364402770996094e-01,2.867686510086059570e+00
1.890261173248291016e+00,2.487761974334716797e-01,1.506141185760498047e+00
1.031654000282287598e+00,-1.434795558452606201e-01,-2.784429073333740234e+00
4.293118953704833984e+00,-2.033905029296875000e+00,5.209569931030273438e-01
4.044715166091918945e-01,1.003794670104980469e-01,-1.853372931480407715e+00
3.507857084274291992e+00,-1.033623933792114258e+00,-1.875857591629028320e+00
3.204046964645385742e+00,-2.915340065956115723e-01,-7.167809009552001953e-01
1.552164793014526367e+00,-2.030807971954345703e+00,9.010457396507263184e-01
9.972640275955200195e-01,-8.484276533126831055e-01,2.655621767044067383e+00
1.404824018478393555e+00,-6.188762187957763672e-01,1.256738424301147461e+00
3.676030874252319336e+00,-2.945199608802795410e-01,-2.522725343704223633e+00
2.809899091720581055e+00,-2.314451783895492554e-01,2.054962396621704102e+00
3.983496725559234619e-01,-1.292743206024169922e+00,3.218321204185485840e-01
2.096638679504394531e+00,1.254275441169738770e-01,-2.071563005447387695e+00
1.082092285156250000e+00,-1.975937247276306152e+00,-4.815261065959930420e-02
1.134258151054382324e+00,-1.315536737442016602e+00,-2.677739858627319336e+00
6.199085712432861328e-01,5.810661315917968750e-01,2.347962856292724609e+00
1.095566272735595703e+00,-5.952092409133911133e-01,-7.212828993797302246e-01
2.161274909973144531e+00,2.580848932266235352e-01,-1.974424242973327637e+00
1.059485197067260742e+00,-1.782423555850982666e-01,2.830959320068359375e+00
1.124969959259033203e+00,-4.821579754352569580e-01,1.847207993268966675e-01
3.161549091339111328e+00,1.036946415901184082e+00,-5.831143260002136230e-01
9.895439743995666504e-01,6.691330671310424805e-01,8.703057169914245605e-01
1.074975252151489258e+00,-1.318063020706176758e+00,-3.218114972114562988e-01
3.439185142517089844e+00,-1.808160543441772461e-01,1.478724956512451172e+00
2.352135658264160156e+00,-1.438670158386230469e+00,2.256881952285766602e+00
1.270413875579833984e+00,-2.223330974578857422e+00,4.428118467330932617e-01
9.841792106628417969e+00,-1.382966279983520508e+00,-1.565485477447509766e+00
1.159468889236450195e+00,2.293938636779785156e+00,7.173703610897064209e-02
2.772631645202636719e+00,-3.325837850570678711e-01,1.280075311660766602e+00
1.645393371582031250e-01,-3.995100855827331543e-01,3.846808671951293945e-01
4.519470214843750000e+00,6.475335359573364258e-02,2.486764430999755859e+00
2.182752609252929688e+00,4.412814974784851074e-01,-2.538386583328247070e+00
7.185588836669921875e+00,-1.044958591461181641e+00,3.479408621788024902e-01
2.355149269104003906e+00,-1.433762788772583008e+00,2.255108356475830078e+00
7.013338804244995117e-01,1.223375439643859863e+00,7.452186346054077148e-01
8.476418852806091309e-01,2.731382846832275391e-04,-1.371148824691772461e+00
2.811453342437744141e+00,-2.284415364265441895e-01,2.052908658981323242e+00
3.784670352935791016e+00,1.432954072952270508e+00,1.564098596572875977e+00
1.463140487670898438e+00,-1.802389383316040039e+00,1.059337496757507324e+00
2.834830999374389648e+00,-1.305144429206848145e+00,-2.505812168121337891e+00
4.786089360713958740e-01,8.339624404907226562e-01,-2.303837776184082031e+00
1.982994794845581055e+00,4.270598292350769043e-01,-1.601587653160095215e+00
1.341102838516235352e+00,1.153757810592651367e+00,-1.233120203018188477e+00
8.229393362998962402e-01,6.111216545104980469e-01,-2.059269666671752930e+00
3.843724131584167480e-01,2.975144982337951660e-02,-2.194710731506347656e+00
2.691024780273437500e+00,-1.693883299827575684e+00,2.057488918304443359e+00
7.254021763801574707e-01,3.038721680641174316e-01,-1.406755566596984863e+00
1.852195739746093750e+00,-9.793547391891479492e-01,1.548823952674865723e+00
1.070108771324157715e+00,-8.086621761322021484e-03,-2.987522602081298828e+00
3.652971982955932617e-01,1.277160048484802246e+00,6.211469173431396484e-01
3.466284275054931641e+00,-1.933815836906433105e+00,7.065710425376892090e-01
1.039741277694702148e+00,7.873597145080566406e-01,3.750124573707580566e-02
2.737509608268737793e-01,-3.165066242218017578e-01,-2.824590444564819336e+00
2.597808241844177246e-01,7.479435205459594727e-01,-8.141376376152038574e-01
2.706352174282073975e-01,4.407358169555664062e-02,1.569217920303344727e+00
7.413652539253234863e-01,9.635337591171264648e-01,6.172601580619812012e-01
1.741711616516113281e+00,-1.485246717929840088e-01,2.774876356124877930e-02
8.913623690605163574e-01,8.565193414688110352e-01,-5.263940095901489258e-01
3.620239973068237305e+00,-5.911374688148498535e-01,-4.521214962005615234e-01
2.109432935714721680e+00,1.338921785354614258e-01,-2.079783678054809570e+00
9.560117721557617188e+00,-9.722965955734252930e-01,-1.277326822280883789e+00
2.428757846355438232e-01,-1.981527090072631836e+00,2.232667446136474609e+00
6.079093813896179199e-01,1.757789254188537598e-01,-2.219205856323242188e+00
9.876974821090698242e-01,4.681497812271118164e-01,6.839337348937988281e-01
1.049526786804199219e+01,-1.994565725326538086e+00,-1.779658079147338867e+00
1.325725841522216797e+01,1.357962846755981445e+00,3.092123866081237793e-01
9.608684182167053223e-01,1.175946712493896484e+00,-2.046200275421142578e+00
1.481207370758056641e+00,3.877198696136474609e-02,-1.838688015937805176e+00
5.059801340103149414e-01,-7.178003787994384766e-01,-2.790124893188476562e+00
1.568246245384216309e+00,-1.797903537750244141e+00,-7.339096665382385254e-01
4.316612243652343750e+00,-1.958908319473266602e+00,1.940044760704040527e+00
2.270452976226806641e-01,-1.628506183624267578e-01,9.004328846931457520e-01
7.301163077354431152e-01,1.464143633842468262e+00,-5.695847272872924805e-01
2.389415502548217773e-01,-2.198362827301025391e+00,2.554756641387939453e+00
1.743096113204956055e+00,-1.827545642852783203e+00,2.767992734909057617e+00
7.613795399665832520e-01,1.301169633865356445e+00,5.305911600589752197e-02
2.647935450077056885e-01,4.782705307006835938e-01,-1.968970656394958496e+00
4.090458869934082031e+00,-2.123329639434814453e+00,5.415864586830139160e-01
4.464157104492187500e+00,-3.935947418212890625e-01,8.587208390235900879e-01
1.043310880661010742e+00,9.179463386535644531e-01,-2.057602882385253906e+00
7.347295880317687988e-01,1.473362803459167480e+00,-2.061798572540283203e-01
2.811510801315307617e+00,1.401988983154296875e+00,-3.848550319671630859e-01
1.570242643356323242e+00,1.080954909324645996e+00,2.073709011077880859e+00
6.781637072563171387e-01,1.527966618537902832e+00,2.800383806228637695e+00
4.111154079437255859e-01,4.729849100112915039e-01,1.931428551673889160e+00
2.195397377014160156e+00,-1.604976177215576172e+00,2.302777767181396484e+00
2.847846746444702148e+00,7.632670402526855469e-01,3.823454678058624268e-02
4.998502254486083984e+00,9.108332395553588867e-01,1.834416031837463379e+00
2.748681783676147461e+00,-7.421083450317382812e-01,2.696597337722778320e+00
1.452872037887573242e+00,-1.745101928710937500e+00,2.294551134109497070e+00
6.748714447021484375e-01,-2.377921581268310547e+00,-2.765611886978149414e+00
1.578341960906982422e+00,3.678649663925170898e-01,1.725144535303115845e-01
1.099309325218200684e+00,-1.731772541999816895e+00,-2.940262317657470703e+00
7.644138932228088379e-01,-1.915024757385253906e+00,1.105118751525878906e+00
8.867113590240478516e-01,1.451727986335754395e+00,-1.240019679069519043e+00
6.275714039802551270e-01,9.891697168350219727e-01,2.670375347137451172e+00
2.842156171798706055e+00,-1.305473566055297852e+00,-2.503022432327270508e+00
3.989068567752838135e-01,7.065474987030029297e-02,-2.960430145263671875e+00
3.291336059570312500e+00,-4.646566510200500488e-01,-3.862597644329071045e-01
3.332237720489501953e+00,-1.162678360939025879e+00,1.155765652656555176e+00
8.931513428688049316e-01,7.655483484268188477e-01,-1.899047851562500000e+00
1.593387126922607422e+00,3.770237565040588379e-01,1.523156911134719849e-01
2.897604227066040039e+00,-1.533475875854492188e+00,-2.584075450897216797e+00
5.450896739959716797e+00,1.259032607078552246e+00,-1.698445558547973633e+00
2.938743352890014648e+00,-1.141834259033203125e+00,1.822496533393859863e+00
2.971103668212890625e+00,3.555008172988891602e-01,-2.536353588104248047e+00
2.090721368789672852e+00,-4.137969911098480225e-01,2.590041875839233398e+00
4.997887611389160156e+00,9.109847545623779297e-01,1.834401488304138184e+00
6.228779554367065430e-01,9.559448957443237305e-01,2.680292129516601562e+00
4.476072788238525391e+00,7.238007783889770508e-01,1.675818681716918945e+00
1.940485239028930664e+00,4.524349570274353027e-01,5.492426455020904541e-02
5.849583625793457031e+00,-1.000782966613769531e+00,2.393689870834350586e+00
4.071528315544128418e-01,3.006817102432250977e-01,2.091530084609985352e+00
3.676650285720825195e+00,1.736161947250366211e+00,6.714694201946258545e-02
3.299314081668853760e-01,-1.714076638221740723e+00,-6.886439323425292969e-01
4.518241405487060547e+00,5.712246894836425781e-02,2.488023996353149414e+00
2.491286993026733398e+00,-1.281620979309082031e+00,-8.212133646011352539e-01
8.418534994125366211e-01,1.355082154273986816e+00,-2.725020408630371094e+00
3.269828796386718750e+00,2.685166597366333008e-01,2.042832136154174805e+00
2.637023448944091797e+00,-5.356872081756591797e-01,-2.062687635421752930e+00
1.173562288284301758e+00,-1.270815491676330566e+00,-2.660325527191162109e+00
1.362871766090393066e+00,-3.170739412307739258e-01,1.824456095695495605e+00
6.239708662033081055e-01,9.470530748367309570e-01,2.656176805496215820e+00
3.158077955245971680e+00,-5.182923078536987305e-01,2.316763162612915039e+00
7.795748233795166016e+00,-8.492748141288757324e-01,3.099127411842346191e-01
2.441772520542144775e-01,-2.213912963867187500e+00,2.468634366989135742e+00
8.225830197334289551e-01,8.946266174316406250e-01,-4.585164785385131836e-01
2.262438774108886719e+00,4.336925745010375977e-01,-2.499871969223022461e+00
4.494488239288330078e-01,5.453902482986450195e-01,-1.605556607246398926e+00
1.289522409439086914e+00,-1.620486080646514893e-01,-2.646941423416137695e+00
7.095524072647094727e-01,-6.238106489181518555e-01,-2.977568626403808594e+00
3.494510352611541748e-01,-1.637387156486511230e+00,-6.525607109069824219e-01
7.201333045959472656e-01,3.044531345367431641e-01,-1.407062768936157227e+00
4.689611792564392090e-01,-1.381959915161132812e+00,1.681599020957946777e+00
2.351290225982666016e+00,8.746863603591918945e-01,3.775742053985595703e-01
2.561745941638946533e-01,-2.053215026855468750e+00,2.541445970535278320e+00
3.279247522354125977e+00,-2.098489999771118164e+00,-1.657505273818969727e+00
1.110880255699157715e+00,-3.242563903331756592e-01,2.477329492568969727e+00
7.186547517776489258e-01,-8.484142422676086426e-01,-1.867059826850891113e+00
3.392966508865356445e+00,-6.869781017303466797e-01,1.611205816268920898e+00
1.046084761619567871e+00,7.806408405303955078e-01,3.610199689865112305e-02
1.856426000595092773e+00,-3.436591029167175293e-01,-3.322771191596984863e-02
4.049981236457824707e-01,1.001663804054260254e-01,-1.852566242218017578e+00
1.956626176834106445e+00,-1.116976141929626465e-02,1.032843589782714844e+00
1.084721803665161133e+00,3.712493777275085449e-01,5.136327147483825684e-01
3.285347521305084229e-01,1.774125099182128906e-01,-2.310787439346313477e+00
1.073192834854125977e+00,-1.759755134582519531e+00,-2.955090522766113281e+00
4.457433700561523438e+00,-1.262014389038085938e+00,-2.185310840606689453e+00
4.765836596488952637e-01,1.372338294982910156e+00,1.937262415885925293e+00
2.705329895019531250e+00,-8.483254909515380859e-01,2.709259271621704102e+00
4.382823944091796875e+00,-1.986410260200500488e+00,1.921342015266418457e+00
3.434847354888916016e+00,-1.694495379924774170e-01,1.485889911651611328e+00
6.227734088897705078e-01,9.556225538253784180e-01,2.681060314178466797e+00
1.796336412429809570e+00,2.055788278579711914e+00,-1.354777455329895020e+00
3.090239167213439941e-01,-2.541094422340393066e-01,-2.879477024078369141e+00
2.179442882537841797e+00,4.737007617950439453e-02,1.302038788795471191e+00
2.158724308013916016e+00,-7.720264196395874023e-01,-2.069745063781738281e+00
1.124526858329772949e+00,-3.710695505142211914e-01,-1.396641612052917480e+00
6.860990524291992188e-01,-1.309124231338500977e+00,8.067850470542907715e-01
3.373398542404174805e+00,-1.732012867927551270e+00,-1.695828914642333984e+00
2.402842760086059570e+00,1.968455314636230469e-02,-9.573171734809875488e-01
2.269729971885681152e-01,-1.630907058715820312e-01,9.006003737449645996e-01
2.038480043411254883e+00,-4.432471394538879395e-01,8.254678845405578613e-01
3.164669990539550781e+00,1.739785075187683105e-01,-2.555346250534057617e+00
7.126017808914184570e-01,-1.034788250923156738e+00,1.891733765602111816e+00
5.996924638748168945e-01,-5.455578565597534180e-01,-2.189515829086303711e+00
2.630476236343383789e+00,-6.692072749137878418e-02,2.284432649612426758e+00
2.403026103973388672e+00,1.989555358886718750e-02,-9.573536515235900879e-01
9.641159772872924805e-01,-9.295917749404907227e-01,2.806228399276733398e+00
2.025992393493652344e+00,-2.074981629848480225e-01,1.209935426712036133e+00
3.149995505809783936e-01,-7.506002783775329590e-01,-1.189468502998352051e+00
9.222348332405090332e-01,1.782782554626464844e+00,1.566055864095687866e-01
1.694179534912109375e+00,-1.946952819824218750e+00,-2.282685756683349609e+00
1.322876214981079102e+00,-1.201692819595336914e+00,-2.482965707778930664e+00
2.041322469711303711e+00,1.611544132232666016e+00,-5.408483743667602539e-01
1.042367696762084961e+00,-2.250011920928955078e+00,1.380189538002014160e+00
9.569913864135742188e+00,-9.898349642753601074e-01,-1.278326630592346191e+00
3.519034862518310547e+00,1.292478919029235840e+00,1.290461063385009766e+00
8.873044252395629883e-01,7.303795814514160156e-01,2.196664333343505859e+00
1.808604240417480469e+00,2.050705671310424805e+00,-1.326069831848144531e+00
4.342686653137207031e+00,-5.817217826843261719e-01,1.198987841606140137e+00
3.439298868179321289e+00,-1.097414374351501465e+00,2.794268369674682617e+00
8.810038566589355469e-01,1.282841086387634277e+00,1.251205801963806152e+00
9.869149923324584961e-01,-1.115934610366821289e+00,-1.551064491271972656e+00
2.962197542190551758e+00,3.594986796379089355e-01,-2.538927555084228516e+00
4.653681755065917969e+00,-3.223428130149841309e-02,5.589826405048370361e-02
1.363840103149414062e+00,-1.680446267127990723e+00,2.563263654708862305e+00
9.882703781127929688e+00,-9.505684375762939453e-01,2.586771965026855469e+00
3.335969448089599609e+00,5.168712139129638672e-02,-1.392188906669616699e+00
5.105127334594726562e+00,-9.587306976318359375e-01,-2.385553717613220215e-01
2.230483770370483398e+00,-1.016043424606323242e+00,1.734529972076416016e+00
3.970957994461059570e-01,3.150806427001953125e-01,2.113387107849121094e+00
8.260848522186279297e-01,2.093903303146362305e+00,7.170140743255615234e-04
4.209600687026977539e-01,1.990437507629394531e-01,2.369115591049194336e+00
7.429951429367065430e-01,9.617569446563720703e-01,6.140717267990112305e-01
2.633823633193969727e+00,-7.797937989234924316e-01,-2.959234714508056641e+00
3.085493445396423340e-01,-7.662891149520874023e-01,-1.175223350524902344e+00
3.748164892196655273e+00,-7.770969271659851074e-01,-2.404938459396362305e+00
7.524791955947875977e-01,-2.186893463134765625e+00,1.279781341552734375e+00
1.460965037345886230e+00,4.237872362136840820e-02,-1.821184277534484863e+00
3.269342899322509766e+00,2.685547471046447754e-01,2.043404102325439453e+00
2.474517345428466797e+00,-7.617583870887756348e-02,-1.348857641220092773e+00
5.930186510086059570e-01,-2.132350206375122070e+00,-1.270047426223754883e+00
2.940959215164184570e+00,7.134131193161010742e-01,3.170461654663085938e-01
3.242397308349609375e-01,-1.501985073089599609e+00,1.999077677726745605e+00
9.924132823944091797e-01,1.315539121627807617e+00,-1.230749607086181641e+00
4.561007320880889893e-01,-9.965617656707763672e-01,2.190428733825683594e+00
3.165454387664794922e+00,1.730885505676269531e-01,-2.555814504623413086e+00
8.233763575553894043e-01,6.122698783874511719e-01,-2.061431169509887695e+00
1.630539298057556152e-01,-4.009543657302856445e-01,3.828508853912353516e-01
1.768297433853149414e+00,1.476851344108581543e+00,-3.410289883613586426e-01
7.958455681800842285e-01,1.128264069557189941e-01,-1.504045367240905762e+00
1.074404239654541016e+00,-1.322079181671142578e+00,-3.172081708908081055e-01
9.883453249931335449e-01,-6.709430217742919922e-01,2.458383083343505859e+00
2.844726800918579102e+00,-1.304743528366088867e+00,-2.506844043731689453e+00
3.208824396133422852e+00,1.432567834854125977e-01,-2.479550838470458984e+00
2.673606395721435547e+00,-2.544883489608764648e-01,-2.908489942550659180e+00
9.541324615478515625e+00,-1.001658439636230469e+00,-1.265565037727355957e+00
1.638938188552856445e-01,-3.995211422443389893e-01,3.837434649467468262e-01
7.409695982933044434e-01,2.940742969512939453e-01,-1.410424828529357910e+00
4.573886394500732422e+00,1.122485160827636719e+00,-2.129765272140502930e+00
1.037129640579223633e+00,-2.253643512725830078e+00,1.383160114288330078e+00
3.234607219696044922e+00,-1.479957699775695801e-01,-2.204700708389282227e+00
2.262471914291381836e+00,4.319510459899902344e-01,-2.496402978897094727e+00
9.881235957145690918e-01,1.314071297645568848e+00,-1.224030971527099609e+00
3.201722145080566406e+00,-2.908589243888854980e-01,-7.174751758575439453e-01
1.032074928283691406e+00,-1.057006120681762695e+00,-3.512375950813293457e-01
3.160596609115600586e+00,1.666435003280639648e+00,5.154543519020080566e-01
3.155002355575561523e+00,-8.311463594436645508e-01,1.611207365989685059e+00
7.373659014701843262e-01,1.669449329376220703e+00,-1.141949772834777832e+00
8.234870433807373047e-01,9.303615093231201172e-01,2.647660732269287109e+00
2.814847469329833984e+00,1.720089673995971680e+00,-2.967296600341796875e+00
3.459141552448272705e-01,-1.342841863632202148e+00,-2.526161670684814453e+00
1.427016735076904297e+01,4.430360794067382812e-01,2.721709251403808594e+00
2.240342378616333008e+00,-1.958844423294067383e+00,2.734581232070922852e-01
4.240220487117767334e-01,-4.441217184066772461e-01,1.193987369537353516e+00
2.230779170989990234e+00,-1.021335363388061523e+00,1.742981433868408203e+00
1.765345096588134766e+00,-6.880835890769958496e-01,-2.286061763763427734e+00
4.472259998321533203e+00,8.197655677795410156e-01,8.010986447334289551e-01
4.915384650230407715e-01,7.744711637496948242e-02,-1.360880136489868164e-01
4.686165809631347656e+00,-1.113871574401855469e+00,-2.662039995193481445e+00
6.767387390136718750e-01,1.956580400466918945e+00,-2.506882905960083008e+00
9.467380642890930176e-01,1.873825073242187500e+00,1.650258749723434448e-01
7.587323784828186035e-01,-1.917516112327575684e+00,1.098943114280700684e+00
1.367383718490600586e+00,-1.101984500885009766e+00,8.215312659740447998e-02
2.326358556747436523e+00,-1.453733742237091064e-01,1.001781940460205078e+00
2.660665035247802734e+00,1.770760536193847656e+00,-2.225819587707519531e+00
4.154534816741943359e+00,2.080234050750732422e+00,-1.606649756431579590e-01
9.878225326538085938e-01,4.679831266403198242e-01,6.837814450263977051e-01
2.179714918136596680e+00,9.079736471176147461e-02,1.347450733184814453e+00
3.201010525226593018e-01,-1.212025165557861328e+00,9.890007376670837402e-01
1.030110239982604980e+00,2.175484180450439453e+00,1.589131593704223633e+00
1.798416376113891602e+00,-1.893295347690582275e-01,-8.364949226379394531e-01
1.084012746810913086e+00,2.033133983612060547e+00,1.783003658056259155e-01
3.847680330276489258e+00,-6.104138493537902832e-02,-1.457539439201354980e+00
1.812693119049072266e+00,-6.968727707862854004e-01,2.737632989883422852e-01
4.428848624229431152e-01,-9.318926930427551270e-02,2.211790561676025391e+00
1.455119371414184570e+00,-1.030767560005187988e+00,-2.291741132736206055e+00
9.883209466934204102e-01,-1.119547367095947266e+00,-1.548438072204589844e+00
2.274271965026855469e+00,1.840041160583496094e+00,2.406043529510498047e+00
3.094754219055175781e-01,-2.542001903057098389e-01,-2.878777742385864258e+00
2.201723098754882812e+00,-1.091425657272338867e+00,1.818427920341491699e+00
4.411013603210449219e+00,6.724839210510253906e-01,1.289440512657165527e+00
3.315612375736236572e-01,1.451920270919799805e-01,-2.528878450393676758e+00
5.765457153320312500e-01,1.000750780105590820e+00,8.456861376762390137e-01
2.875369787216186523e+00,-1.209129691123962402e+00,-2.516579866409301758e+00
1.356535673141479492e+00,-2.025419473648071289e-02,4.930276870727539062e-01
4.390582084655761719e+00,-1.997877359390258789e+00,1.916065573692321777e+00
1.186535716056823730e+00,-1.063655853271484375e+00,-1.856722235679626465e+00
2.257331609725952148e+00,-3.371234536170959473e-01,2.254411458969116211e+00
1.298771142959594727e+00,-2.735650539398193359e-01,-2.731524705886840820e+00
1.324508380889892578e+01,1.356822133064270020e+00,3.081679344177246094e-01
4.662249088287353516e-01,-2.468644142150878906e+00,-2.867825746536254883e+00
2.250402688980102539e+00,-1.954565048217773438e+00,2.730530500411987305e-01
1.822038888931274414e+00,-7.111203074455261230e-01,3.793914914131164551e-01
2.032639741897583008e+00,-2.084800958633422852e+00,5.597480535507202148e-01
4.409393668174743652e-01,-2.967142760753631592e-01,-1.592653274536132812e+00
1.600647211074829102e+00,-1.710082530975341797e+00,-8.511319160461425781e-01
1.935923695564270020e-01,-2.355416536331176758e+00,2.625978231430053711e+00
7.698804855346679688e+00,-1.924839138984680176e+00,-2.250946283340454102e+00
2.095988273620605469e+00,1.289490699768066406e+00,-2.208799123764038086e+00
2.184338867664337158e-01,-4.611477255821228027e-02,8.373393416404724121e-01
4.425652503967285156e+00,6.094716787338256836e-01,2.104809522628784180e+00
3.326717853546142578e+00,-6.343868374824523926e-01,1.572028517723083496e+00
4.799967765808105469e+00,1.144317150115966797e+00,-2.738283157348632812e+00
9.737455368041992188e+00,-1.185069918632507324e+00,-1.340393900871276855e+00
2.113654613494873047e+00,7.697716951370239258e-01,-2.037366390228271484e+00
8.825260400772094727e-01,-1.598252296447753906e+00,1.014207124710083008e+00
3.323869407176971436e-01,-1.713155984878540039e+00,-6.869823336601257324e-01
2.769056558609008789e+00,1.706275224685668945e+00,-3.755078315734863281e-01
1.129567623138427734e+00,-5.931538343429565430e-02,2.255974560976028442e-01
1.798675775527954102e+00,1.745945692062377930e+00,1.988174796104431152e+00
6.083497405052185059e-01,6.473463773727416992e-02,5.851432681083679199e-01
2.113134622573852539e+00,7.699441909790039062e-01,-2.037846088409423828e+00
5.401253104209899902e-01,1.233605980873107910e+00,9.844947457313537598e-01
3.324743270874023438e+00,1.319984793663024902e-01,-2.233399152755737305e+00
2.039463043212890625e+00,3.576812148094177246e-01,-1.548531651496887207e-02
1.177700996398925781e+01,2.874247431755065918e-01,2.420771598815917969e+00
5.888779640197753906e+00,-8.013689517974853516e-02,5.033739209175109863e-01
3.218800306320190430e+00,1.674718856811523438e-01,-2.507445812225341797e+00
6.024196147918701172e-01,-5.452927350997924805e-01,-2.187771558761596680e+00
1.429415702819824219e+00,-1.832788944244384766e+00,1.089738130569458008e+00
1.198347449302673340e+00,6.668140888214111328e-01,-2.281148433685302734e+00
1.173443889617919922e+01,2.877296209335327148e-01,2.398704528808593750e+00
2.079535007476806641e+00,-5.166466832160949707e-01,-2.843275070190429688e+00
3.527141213417053223e-01,-1.637267351150512695e+00,-6.522562503814697266e-01
1.284060478210449219e+00,-1.325387477874755859e+00,1.442945152521133423e-01
9.724433422088623047e-01,8.194354772567749023e-01,-2.330136060714721680e+00
2.005564212799072266e+00,1.666462659835815430e+00,-7.595022320747375488e-01
1.312027263641357422e+01,1.339899539947509766e+00,2.855646014213562012e-01
1.725445032119750977e+00,1.238521814346313477e+00,-1.713449656963348389e-01
1.824945688247680664e+00,-7.106128931045532227e-01,3.851250410079956055e-01
9.990841150283813477e-01,8.580996990203857422e-01,-1.485732913017272949e+00
2.407498955726623535e-01,-2.077361345291137695e-01,1.651982903480529785e+00
3.087020516395568848e-01,-7.558386921882629395e-01,-1.182480931282043457e+00
4.241809248924255371e-01,-4.442036747932434082e-01,1.194122433662414551e+00
1.698895454406738281e+00,6.241180896759033203e-01,-1.587331533432006836e+00
1.733547210693359375e+00,-8.966640233993530273e-01,1.836507678031921387e+00
9.574910163879394531e+00,-1.002315282821655273e+00,-1.278785467147827148e+00
1.704318642616271973e+00,-9.966390728950500488e-01,-2.323628187179565430e+00
6.527069807052612305e-01,-2.325650215148925781e+00,2.704199552536010742e+00
1.459860682487487793e+00,-1.025149703025817871e+00,-2.290420532226562500e+00
2.179084300994873047e+00,9.066587686538696289e-02,1.345868110656738281e+00
2.690124988555908203e+00,6.922655105590820312e-01,6.384111940860748291e-02
1.125544309616088867e+00,-3.715523779392242432e-01,-1.396755456924438477e+00
6.796494960784912109e+00,-1.511902093887329102e+00,-1.743045568466186523e+00
2.164672911167144775e-01,1.641256332397460938e+00,7.315676212310791016e-01
9.840662479400634766e-01,1.437483549118041992e+00,1.153843402862548828e+00
1.392132759094238281e+00,2.038837432861328125e+00,-2.134256511926651001e-01
2.064493656158447266e+00,-7.524168491363525391e-02,-5.959413051605224609e-01
3.223761320114135742e-01,3.384247422218322754e-02,-2.173173904418945312e+00
4.937193989753723145e-01,7.712483406066894531e-02,-1.372694075107574463e-01
4.284369945526123047e+00,1.538170814514160156e+00,1.935808777809143066e+00
6.121481060981750488e-01,-1.731381893157958984e+00,8.918809294700622559e-01
2.606091976165771484e+00,-4.072334170341491699e-01,-8.121867179870605469e-01
2.347401857376098633e+00,-1.130847454071044922e+00,-1.032177567481994629e+00
4.917342364788055420e-01,7.755261659622192383e-02,-1.362376809120178223e-01
1.959740400314331055e+00,-1.222118735313415527e-02,1.035373091697692871e+00
5.971059799194335938e+00,3.791712522506713867e-01,-4.989039301872253418e-01
4.048123657703399658e-01,1.002244353294372559e-01,-1.852809906005859375e+00
2.776413202285766602e+00,1.416092991828918457e+00,2.138758659362792969e+00
2.654377937316894531e+00,1.551512241363525391e+00,3.883939981460571289e-01
2.760972499847412109e+00,1.727749109268188477e+00,-3.800275921821594238e-01
1.485737681388854980e+00,-1.422537565231323242e+00,1.198045849800109863e+00
7.669453144073486328e+00,-1.880794167518615723e+00,-2.220473766326904297e+00
1.317646145820617676e+00,-8.302899599075317383e-01,2.599825859069824219e+00
5.585910081863403320e-01,1.316795468330383301e+00,-1.811370253562927246e+00
6.870031356811523438e-01,-1.311049222946166992e+00,8.038563132286071777e-01
1.036533832550048828e+00,-4.929941892623901367e-01,2.168344974517822266e+00
2.638524055480957031e+00,-1.902833580970764160e-01,1.832062363624572754e+00
2.997804403305053711e+00,1.553671360015869141e+00,2.083079576492309570e+00
2.634519338607788086e+00,-5.349192619323730469e-01,-2.062695980072021484e+00
2.896580219268798828e+00,-1.551338195800781250e+00,-2.592060565948486328e+00
4.026184558868408203e+00,1.679264307022094727e+00,-2.419249296188354492e+00
2.334692955017089844e+00,-1.210503578186035156e-01,2.252560138702392578e+00
1.233979105949401855e+00,-1.688264846801757812e+00,-2.617079615592956543e-01
3.796144127845764160e-01,4.865688085556030273e-02,2.349803447723388672e+00
7.892149686813354492e-01,1.315747499465942383e-01,-1.524440765380859375e+00
1.382208824157714844e+00,-2.335849106311798096e-01,6.037796735763549805e-01
7.186937928199768066e-01,5.894815921783447266e-02,2.282948970794677734e+00
1.493948459625244141e+00,4.334712028503417969e-02,-1.839914441108703613e+00
1.508646965026855469e+00,-2.262216329574584961e+00,1.133822202682495117e+00
