7.153320312500000000e-01,-6.537064909934997559e-01,-7.946601510047912598e-01,1.301757812500000000e+00,-5.637989640235900879e-01,-5.670170187950134277e-01,2.836914062500000000e-01,-7.220069169998168945e-01,1.422897696495056152e+00
1.904296875000000000e+00,-4.151127636432647705e-01,2.429072856903076172e+00,1.034179687500000000e+00,-4.817651808261871338e-01,2.605655670166015625e+00,2.512207031250000000e-01,-4.414807558059692383e-01,1.225723505020141602e+00
6.079101562500000000e-01,1.180883169174194336e+00,-2.995105028152465820e+00,2.105468750000000000e+00,1.238013863563537598e+00,-2.269995927810668945e+00,1.587890625000000000e+00,1.288552522659301758e+00,-2.162376880645751953e+00
1.020507812500000000e+00,8.496353030204772949e-02,-6.096769571304321289e-01,9.233398437500000000e-01,-2.753990292549133301e-01,-1.233445167541503906e+00,2.232666015625000000e-01,1.119541049003601074e+00,-6.753113865852355957e-01
1.587890625000000000e+00,-6.736655831336975098e-01,4.532303512096405029e-01,1.353515625000000000e+00,-3.768425583839416504e-01,6.923318654298782349e-02,1.798828125000000000e+00,-6.936246752738952637e-01,3.918034136295318604e-01
2.839355468750000000e-01,-6.482131779193878174e-02,-2.712189197540283203e+00,3.122558593750000000e-01,1.776177249848842621e-02,-1.459910988807678223e+00,5.805664062500000000e-01,1.153599657118320465e-02,2.978405475616455078e+00
5.263671875000000000e-01,1.546922206878662109e+00,-2.428106784820556641e+00,1.458007812500000000e+00,7.807855606079101562e-01,-2.311587333679199219e+00,8.203125000000000000e-01,1.185277819633483887e+00,-1.773679018020629883e+00
3.679199218750000000e-01,1.246803164482116699e+00,-1.627690076828002930e+00,5.205078125000000000e-01,1.788262605667114258e+00,-1.649371862411499023e+00,6.245117187500000000e-01,1.671254634857177734e+00,3.009082317352294922e+00
3.105468750000000000e-01,2.190374374389648438e+00,-1.608743548393249512e+00,2.279052734375000000e-01,1.124668121337890625e+00,-1.500141143798828125e+00,3.979492187500000000e-01,2.302438497543334961e+00,1.004030585289001465e+00
2.095947265625000000e-01,9.574877023696899414e-01,2.597940340638160706e-02,1.007812500000000000e+00,1.209814786911010742e+00,-6.146575212478637695e-01,6.499023437500000000e-01,1.299905419349670410e+00,2.816555500030517578e-01
4.472656250000000000e-01,1.801995873451232910e+00,2.253197908401489258e+00,9.912109375000000000e-01,9.131748676300048828e-01,2.343225955963134766e+00,2.924804687500000000e-01,1.975035905838012695e+00,1.790291905403137207e+00
4.680175781250000000e-01,-3.984496593475341797e-01,2.512483596801757812e+00,5.678710937500000000e-01,-1.473677754402160645e+00,1.280209302902221680e+00,3.068847656250000000e-01,-2.204290866851806641e+00,1.116730332374572754e+00
5.761718750000000000e-01,-6.740317940711975098e-01,6.631006002426147461e-01,6.489257812500000000e-01,3.429670035839080811e-01,8.776698112487792969e-01,5.122070312500000000e-01,-4.151127636432647705e-01,1.821925520896911621e+00
3.403320312500000000e-01,-1.060029864311218262e+00,-2.469219446182250977e+00,3.779296875000000000e-01,-2.210150510072708130e-01,2.841782569885253906e+00,3.005371093750000000e-01,-1.824884772300720215e+00,1.605417132377624512e+00
7.167968750000000000e-01,-6.538895964622497559e-01,-7.940742373466491699e-01,1.299804687500000000e+00,-5.647144913673400879e-01,-5.670019984245300293e-01,2.836914062500000000e-01,-7.221900224685668945e-01,1.422214150428771973e+00
5.766601562500000000e-01,1.180700063705444336e+00,-3.000488042831420898e+00,2.103515625000000000e+00,1.238563179969787598e+00,-2.270581722259521484e+00,1.591796875000000000e+00,1.289468050003051758e+00,-2.163548946380615234e+00
9.980468750000000000e-01,8.294931054115295410e-02,-6.053993701934814453e-01,9.086914062500000000e-01,-2.746665775775909424e-01,-1.232565999031066895e+00,2.263183593750000000e-01,1.096469044685363770e+00,-6.716979742050170898e-01
9.443359375000000000e-01,2.408825874328613281e+00,-2.792281866073608398e+00,8.554687500000000000e-01,2.053773641586303711e+00,-2.175546169281005859e+00,8.750000000000000000e-01,2.289071321487426758e+00,-1.787155389785766602e+00
5.346679687500000000e-01,1.549119591712951660e+00,-2.427911520004272461e+00,1.479492187500000000e+00,7.804193496704101562e-01,-2.309829473495483398e+00,8.144531250000000000e-01,1.182714343070983887e+00,-1.774850845336914062e+00
7.050781250000000000e-01,3.753776550292968750e-01,2.878791809082031250e+00,3.666992187500000000e-01,6.555376201868057251e-02,-3.056444406509399414e+00,3.740234375000000000e-01,1.122653841972351074e+00,1.426114082336425781e+00
6.909179687500000000e-01,2.063661664724349976e-01,-3.695357739925384521e-01,5.166015625000000000e-01,8.899197578430175781e-01,-1.001012086868286133e+00,2.790527343750000000e-01,5.788140296936035156e-01,1.786385416984558105e+00
7.158203125000000000e-01,-6.537064909934997559e-01,-7.941718697547912598e-01,1.301757812500000000e+00,-5.637989640235900879e-01,-5.670170187950134277e-01,2.851562500000000000e-01,-7.227393388748168945e-01,1.421042203903198242e+00
1.911132812500000000e+00,-4.156621098518371582e-01,2.428877830505371094e+00,1.059570312500000000e+00,-4.755394160747528076e-01,2.602237224578857422e+00,2.507324218750000000e-01,-5.152745246887207031e-01,1.243790388107299805e+00
7.705078125000000000e-01,-1.381572961807250977e+00,6.091907620429992676e-01,2.673339843750000000e-01,-6.187322735786437988e-01,2.317260980606079102e+00,2.580566406250000000e-01,-1.893002152442932129e+00,5.355657339096069336e-01
6.059570312500000000e-01,1.180700063705444336e+00,-2.995690822601318359e+00,2.103515625000000000e+00,1.238196969032287598e+00,-2.270191192626953125e+00,1.566406250000000000e+00,1.288735628128051758e+00,-2.161400318145751953e+00
1.021484375000000000e+00,8.496353030204772949e-02,-6.095793843269348145e-01,9.238281250000000000e-01,-2.753990292549133301e-01,-1.233640551567077637e+00,2.227783203125000000e-01,1.118076086044311523e+00,-6.735535264015197754e-01
5.322265625000000000e-01,1.548203945159912109e+00,-2.427423238754272461e+00,1.477539062500000000e+00,7.811517715454101562e-01,-2.310415506362915039e+00,8.222656250000000000e-01,1.183812975883483887e+00,-1.775925159454345703e+00
2.053222656250000000e-01,9.433881640434265137e-01,2.617468126118183136e-02,9.672851562500000000e-01,1.201391696929931641e+00,-6.212198138236999512e-01,6.450195312500000000e-01,1.299172997474670410e+00,2.895659208297729492e-01
4.670410156250000000e-01,-3.984496593475341797e-01,2.512581348419189453e+00,5.644531250000000000e-01,-1.480269789695739746e+00,1.277865529060363770e+00,3.076171875000000000e-01,-2.204473972320556641e+00,1.116437435150146484e+00
5.615234375000000000e-01,-1.160008549690246582e+00,-1.401220202445983887e+00,1.403320312500000000e+00,-1.462874174118041992e+00,-1.753269314765930176e+00,9.780273437500000000e-01,-9.838557243347167969e-01,-1.297314763069152832e+00
1.906250000000000000e+00,-4.141972064971923828e-01,2.429073095321655273e+00,1.035156250000000000e+00,-4.812158644199371338e-01,2.605753183364868164e+00,2.521972656250000000e-01,-4.416638612747192383e-01,1.224063277244567871e+00
7.304687500000000000e-01,-1.383220911026000977e+00,6.100700497627258301e-01,2.641601562500000000e-01,-6.152531504631042480e-01,2.313354492187500000e+00,2.476806640625000000e-01,-1.926145195960998535e+00,5.298037528991699219e-01
1.638671875000000000e+00,-7.082735896110534668e-01,2.558970928192138672e+00,2.357421875000000000e+00,-1.104892134666442871e+00,2.668241500854492188e+00,4.184570312500000000e-01,-1.027436137199401855e+00,-2.931628465652465820e+00
9.394531250000000000e-01,2.414136171340942383e+00,-2.792574644088745117e+00,8.574218750000000000e-01,2.053773641586303711e+00,-2.175741672515869141e+00,8.759765625000000000e-01,2.295114040374755859e+00,-1.792038321495056152e+00
5.322265625000000000e-01,1.549302697181701660e+00,-2.428302049636840820e+00,1.480468750000000000e+00,7.804193496704101562e-01,-2.309731960296630859e+00,8.232421875000000000e-01,1.185094714164733887e+00,-1.776218175888061523e+00
2.095947265625000000e-01,9.576708078384399414e-01,2.597940340638160706e-02,1.007812500000000000e+00,1.209814786911010742e+00,-6.146575212478637695e-01,6.420898437500000000e-01,1.301370263099670410e+00,2.862454652786254883e-01
4.562988281250000000e-01,-3.942381143569946289e-01,2.505745172500610352e+00,5.483398437500000000e-01,-1.478804945945739746e+00,1.274935841560363770e+00,2.292480468750000000e-01,-2.243293523788452148e+00,1.099059224128723145e+00
5.322265625000000000e-01,-1.167516112327575684e+00,-1.407860636711120605e+00,1.430664062500000000e+00,-1.465254664421081543e+00,-1.754245996475219727e+00,9.731445312500000000e-01,-9.882503747940063477e-01,-1.296338200569152832e+00
5.761718750000000000e-01,-6.740317940711975098e-01,6.629052162170410156e-01,6.494140625000000000e-01,3.429670035839080811e-01,8.780605196952819824e-01,5.117187500000000000e-01,-4.140141010284423828e-01,1.821925520896911621e+00
7.148437500000000000e-01,-6.537064909934997559e-01,-7.948554754257202148e-01,1.301757812500000000e+00,-5.643482804298400879e-01,-5.669193267822265625e-01,2.836914062500000000e-01,-7.223731279373168945e-01,1.422116518020629883e+00
2.248535156250000000e-01,4.643696546554565430e-01,-2.939735889434814453e+00,1.774902343750000000e-01,1.955259919166564941e+00,-1.475632786750793457e+00,5.922851562500000000e-01,7.806024551391601562e-01,1.227961301803588867e+00
1.906250000000000000e+00,-4.151127636432647705e-01,2.429170846939086914e+00,1.039062500000000000e+00,-4.683980941772460938e-01,2.605069160461425781e+00,2.519531250000000000e-01,-4.416638612747192383e-01,1.224453926086425781e+00
6.049804687500000000e-01,1.181615591049194336e+00,-2.995593309402465820e+00,2.103515625000000000e+00,1.238380074501037598e+00,-2.270484209060668945e+00,1.590820312500000000e+00,1.289651155471801758e+00,-2.162865161895751953e+00
1.018554687500000000e+00,8.496353030204772949e-02,-6.098722815513610840e-01,9.233398437500000000e-01,-2.753990292549133301e-01,-1.233738183975219727e+00,2.231445312500000000e-01,1.119907259941101074e+00,-6.751160621643066406e-01
2.856445312500000000e-01,-6.299020349979400635e-02,-2.701837539672851562e+00,3.103027343750000000e-01,2.819910272955894470e-02,-1.458152890205383301e+00,5.805664062500000000e-01,1.080355234444141388e-02,2.975085258483886719e+00
9.404296875000000000e-01,2.412671327590942383e+00,-2.792770147323608398e+00,8.525390625000000000e-01,2.053773641586303711e+00,-2.175741672515869141e+00,8.691406250000000000e-01,2.296212673187255859e+00,-1.790475845336914062e+00
5.302734375000000000e-01,1.549852013587951660e+00,-2.430352926254272461e+00,1.455078125000000000e+00,7.827997803688049316e-01,-2.310610771179199219e+00,8.007812500000000000e-01,1.183812975883483887e+00,-1.772702574729919434e+00
3.413085937500000000e-01,2.175542354583740234e+00,-1.590676903724670410e+00,2.238769531250000000e-01,1.119357943534851074e+00,-1.497016191482543945e+00,3.718261718750000000e-01,2.310861587524414062e+00,1.003054380416870117e+00
5.625000000000000000e-01,-1.156346321105957031e+00,-1.404735922813415527e+00,1.406250000000000000e+00,-1.463606715202331543e+00,-1.753366947174072266e+00,9.785156250000000000e-01,-9.866023659706115723e-01,-1.293994307518005371e+00
7.153320312500000000e-01,-6.537064909934997559e-01,-7.947577834129333496e-01,1.300781250000000000e+00,-5.639820694923400879e-01,-5.670170187950134277e-01,2.836914062500000000e-01,-7.223731279373168945e-01,1.422116518020629883e+00
1.878906250000000000e+00,-4.121829867362976074e-01,2.427520751953125000e+00,1.037109375000000000e+00,-4.819483160972595215e-01,2.603116035461425781e+00,2.441406250000000000e-01,-4.394665360450744629e-01,1.225430488586425781e+00
7.685546875000000000e-01,-1.381756067276000977e+00,6.088001728057861328e-01,2.673339843750000000e-01,-6.183660626411437988e-01,2.317553997039794922e+00,2.590332031250000000e-01,-1.896847486495971680e+00,5.347844958305358887e-01
5.776367187500000000e-01,1.181066274642944336e+00,-3.000488042831420898e+00,2.105468750000000000e+00,1.238013863563537598e+00,-2.269995927810668945e+00,1.588867187500000000e+00,1.289284944534301758e+00,-2.162572383880615234e+00
3.259277343750000000e-01,7.339091300964355469e-01,-1.113318443298339844e+00,9.741210937500000000e-01,1.114413857460021973e+00,-5.215954408049583435e-02,1.908203125000000000e+00,9.454023838043212891e-01,-5.029962211847305298e-02
5.341796875000000000e-01,1.549302697181701660e+00,-2.428106784820556641e+00,1.477539062500000000e+00,7.807855606079101562e-01,-2.309927225112915039e+00,8.129882812500000000e-01,1.185094714164733887e+00,-1.775729894638061523e+00
7.167968750000000000e-01,3.722647726535797119e-01,2.882503032684326172e+00,3.713378906250000000e-01,6.555376201868057251e-02,-3.048338890075683594e+00,3.491210937500000000e-01,1.119174838066101074e+00,1.423086881637573242e+00
2.106933593750000000e-01,9.518112540245056152e-01,2.900684997439384460e-02,1.015625000000000000e+00,1.207983613014221191e+00,-6.101652383804321289e-01,6.484375000000000000e-01,1.304483175277709961e+00,2.885893583297729492e-01
3.076171875000000000e-01,2.190923690795898438e+00,-1.611087322235107422e+00,2.280273437500000000e-01,1.125400543212890625e+00,-1.500336527824401855e+00,3.962402343750000000e-01,2.305185079574584961e+00,1.003249526023864746e+00
4.477539062500000000e-01,1.823053717613220215e+00,2.286792993545532227e+00,1.009765625000000000e+00,9.122592806816101074e-01,2.346175193786621094e+00,3.454589843750000000e-01,1.952330112457275391e+00,1.763624668121337891e+00
5.937500000000000000e-01,-1.158360600471496582e+00,-1.399560213088989258e+00,1.682617187500000000e+00,-1.465437769889831543e+00,-1.745555281639099121e+00,9.531250000000000000e-01,-9.873348474502563477e-01,-1.299658417701721191e+00
7.148437500000000000e-01,-6.537064909934997559e-01,-7.948554754257202148e-01,1.300781250000000000e+00,-5.641651749610900879e-01,-5.670170187950134277e-01,2.836914062500000000e-01,-7.221900224685668945e-01,1.422800064086914062e+00
1.904296875000000000e+00,-4.151127636432647705e-01,2.428877592086791992e+00,1.035156250000000000e+00,-4.810327589511871338e-01,2.605948686599731445e+00,2.521972656250000000e-01,-4.418469667434692383e-01,1.223868012428283691e+00
6.044921875000000000e-01,1.181798815727233887e+00,-2.995983839035034180e+00,2.107421875000000000e+00,1.238013863563537598e+00,-2.269995927810668945e+00,1.587890625000000000e+00,1.288552522659301758e+00,-2.162474632263183594e+00
1.023437500000000000e+00,8.496353030204772949e-02,-6.093840599060058594e-01,9.233398437500000000e-01,-2.753990292549133301e-01,-1.233640551567077637e+00,2.230224609375000000e-01,1.119724154472351074e+00,-6.746277213096618652e-01
2.878417968750000000e-01,-5.163731798529624939e-02,-2.695001363754272461e+00,3.186035156250000000e-01,1.684621721506118774e-02,-1.449754357337951660e+00,5.751953125000000000e-01,8.972441777586936951e-03,2.975768804550170898e+00
9.384765625000000000e-01,2.412854433059692383e+00,-2.792769908905029297e+00,8.520507812500000000e-01,2.056520223617553711e+00,-2.175937175750732422e+00,8.740234375000000000e-01,2.295663356781005859e+00,-1.792135953903198242e+00
5.341796875000000000e-01,1.549119591712951660e+00,-2.428106784820556641e+00,1.479492187500000000e+00,7.806024551391601562e-01,-2.309927225112915039e+00,8.139648437500000000e-01,1.184179186820983887e+00,-1.775046110153198242e+00
2.143554687500000000e-01,9.333170652389526367e-01,4.248385876417160034e-02,1.042968750000000000e+00,1.207617402076721191e+00,-6.125093698501586914e-01,6.469726562500000000e-01,1.300637841224670410e+00,2.902495563030242920e-01
4.177246093750000000e-01,1.822870612144470215e+00,2.277710437774658203e+00,1.008789062500000000e+00,9.129917025566101074e-01,2.346467971801757812e+00,3.349609375000000000e-01,1.952879428863525391e+00,1.768703103065490723e+00
5.776367187500000000e-01,1.181066274642944336e+00,-3.000292539596557617e+00,2.105468750000000000e+00,1.238196969032287598e+00,-2.270386457443237305e+00,1.589843750000000000e+00,1.289651155471801758e+00,-2.162572383880615234e+00
1.015625000000000000e+00,8.496353030204772949e-02,-6.099699735641479492e-01,9.233398437500000000e-01,-2.753990292549133301e-01,-1.233542799949645996e+00,2.230224609375000000e-01,1.118991613388061523e+00,-6.743347644805908203e-01
2.854003906250000000e-01,-6.262398511171340942e-02,-2.707208871841430664e+00,3.095703125000000000e-01,2.856532484292984009e-02,-1.457176327705383301e+00,5.839843750000000000e-01,7.141331210732460022e-03,2.976061820983886719e+00
9.409179687500000000e-01,2.412854433059692383e+00,-2.792770147323608398e+00,8.510742187500000000e-01,2.053956747055053711e+00,-2.175839424133300781e+00,8.725585937500000000e-01,2.296212673187255859e+00,-1.791550159454345703e+00
5.327148437500000000e-01,1.548570156097412109e+00,-2.428106784820556641e+00,1.474609375000000000e+00,7.811517715454101562e-01,-2.311392068862915039e+00,8.149414062500000000e-01,1.184911608695983887e+00,-1.775436878204345703e+00
7.207031250000000000e-01,3.709830045700073242e-01,2.882600307464599609e+00,3.732910156250000000e-01,7.452619820833206177e-02,-3.048729419708251953e+00,3.691406250000000000e-01,1.124118804931640625e+00,1.427676677703857422e+00
3.591308593750000000e-01,1.244972109794616699e+00,-1.635014414787292480e+00,4.611816406250000000e-01,1.796319484710693359e+00,-1.645748853683471680e+00,6.508789062500000000e-01,1.659169316291809082e+00,2.983105421066284180e+00
3.076171875000000000e-01,2.190557479858398438e+00,-1.611477971076965332e+00,2.296142578125000000e-01,1.125400543212890625e+00,-1.498383402824401855e+00,3.979492187500000000e-01,2.303354024887084961e+00,1.003835320472717285e+00
2.097167968750000000e-01,9.573045969009399414e-01,2.637004107236862183e-02,1.033203125000000000e+00,1.208899140357971191e+00,-6.122162342071533203e-01,6.508789062500000000e-01,1.299905419349670410e+00,2.819485664367675781e-01
7.158203125000000000e-01,-6.537064909934997559e-01,-7.941718697547912598e-01,1.300781250000000000e+00,-5.637989640235900879e-01,-5.670170187950134277e-01,2.836914062500000000e-01,-7.225562334060668945e-01,1.422018766403198242e+00
1.023437500000000000e+00,8.496353030204772949e-02,-6.090911030769348145e-01,9.238281250000000000e-01,-2.753990292549133301e-01,-1.233640551567077637e+00,2.230224609375000000e-01,1.119357943534851074e+00,-6.746277213096618652e-01
6.469726562500000000e-01,1.713003993034362793e+00,5.134009122848510742e-01,7.680664062500000000e-01,1.107821941375732422e+00,1.140652298927307129e+00,8.989257812500000000e-01,1.522751569747924805e+00,1.773793458938598633e+00
2.878417968750000000e-01,-5.163731798529624939e-02,-2.694903612136840820e+00,3.193359375000000000e-01,1.684621721506118774e-02,-1.448973178863525391e+00,5.742187500000000000e-01,8.972441777586936951e-03,2.976159334182739258e+00
5.346679687500000000e-01,1.549302697181701660e+00,-2.427813768386840820e+00,1.477539062500000000e+00,7.807855606079101562e-01,-2.310122489929199219e+00,8.154296875000000000e-01,1.183996081352233887e+00,-1.774948477745056152e+00
3.562011718750000000e-01,1.257789850234985352e+00,-1.645561456680297852e+00,5.244140625000000000e-01,1.793389678001403809e+00,-1.640094280242919922e+00,6.611328125000000000e-01,1.628406643867492676e+00,3.002344131469726562e+00
2.214355468750000000e-01,9.406415224075317383e-01,5.537494644522666931e-02,9.916992187500000000e-01,1.204687595367431641e+00,-6.175089478492736816e-01,6.279296875000000000e-01,1.297708034515380859e+00,2.907376885414123535e-01
4.628906250000000000e-01,-3.968016505241394043e-01,2.507991313934326172e+00,5.883789062500000000e-01,-1.470015525817871094e+00,1.276302814483642578e+00,3.103027343750000000e-01,-2.175908803939819336e+00,1.137824654579162598e+00
5.649414062500000000e-01,-1.155064582824707031e+00,-1.403173327445983887e+00,1.408203125000000000e+00,-1.463972926139831543e+00,-1.768015861511230469e+00,9.755859375000000000e-01,-9.847712516784667969e-01,-1.296435832977294922e+00
7.138671875000000000e-01,-6.538895964622497559e-01,-7.949531078338623047e-01,1.300781250000000000e+00,-5.639820694923400879e-01,-5.672122836112976074e-01,2.839355468750000000e-01,-7.225562334060668945e-01,1.422214150428771973e+00
1.897460937500000000e+00,-4.141972064971923828e-01,2.429083347320556641e+00,1.034179687500000000e+00,-4.815820753574371338e-01,2.605753183364868164e+00,2.519531250000000000e-01,-4.407483041286468506e-01,1.225039958953857422e+00
5.800781250000000000e-01,1.183996081352233887e+00,-2.997851133346557617e+00,2.066406250000000000e+00,1.238196969032287598e+00,-2.268619060516357422e+00,1.637695312500000000e+00,1.289834260940551758e+00,-2.165782690048217773e+00
9.941406250000000000e-01,8.203375339508056641e-02,-6.017858982086181641e-01,9.165039062500000000e-01,-2.757652401924133301e-01,-1.233054399490356445e+00,2.244873046875000000e-01,1.122287631034851074e+00,-6.960151195526123047e-01
5.356445312500000000e-01,1.548753261566162109e+00,-2.427618503570556641e+00,1.479492187500000000e+00,7.807855606079101562e-01,-2.309731960296630859e+00,8.134765625000000000e-01,1.183812975883483887e+00,-1.775143861770629883e+00
2.144775390625000000e-01,9.488815069198608398e-01,2.920220419764518738e-02,9.833984375000000000e-01,1.209265470504760742e+00,-6.162393689155578613e-01,6.674804687500000000e-01,1.296243190765380859e+00,2.848785221576690674e-01
4.675292968750000000e-01,-3.984496593475341797e-01,2.512386083602905273e+00,5.356445312500000000e-01,-1.473311543464660645e+00,1.273568749427795410e+00,3.071289062500000000e-01,-2.204290866851806641e+00,1.116730332374572754e+00
5.766601562500000000e-01,-6.738486886024475098e-01,6.632959246635437012e-01,6.494140625000000000e-01,3.438825607299804688e-01,8.773768544197082520e-01,5.107421875000000000e-01,-4.149296581745147705e-01,1.822413921356201172e+00
7.148437500000000000e-01,-6.538895964622497559e-01,-7.946601510047912598e-01,1.301757812500000000e+00,-5.639820694923400879e-01,-5.670170187950134277e-01,2.844238281250000000e-01,-7.218238115310668945e-01,1.421725869178771973e+00
1.905273437500000000e+00,-4.151127636432647705e-01,2.429268360137939453e+00,1.035156250000000000e+00,-4.815820753574371338e-01,2.605753183364868164e+00,2.512207031250000000e-01,-4.411145448684692383e-01,1.225918889045715332e+00
7.690429687500000000e-01,-1.381572961807250977e+00,6.090931296348571777e-01,2.709960937500000000e-01,-6.178166866302490234e-01,2.322339057922363281e+00,2.592773437500000000e-01,-1.897763013839721680e+00,5.345891714096069336e-01
6.049804687500000000e-01,1.181981921195983887e+00,-2.995983839035034180e+00,2.105468750000000000e+00,1.238196969032287598e+00,-2.270191192626953125e+00,1.589843750000000000e+00,1.289284944534301758e+00,-2.163060665130615234e+00
3.620605468750000000e-01,-6.467482447624206543e-01,7.987513542175292969e-01,4.780273437500000000e-01,-6.234931349754333496e-01,-2.748083770275115967e-01,1.657226562500000000e+00,-4.372692108154296875e-01,6.719544529914855957e-02
1.025390625000000000e+00,8.294931054115295410e-02,-6.088957786560058594e-01,9.233398437500000000e-01,-2.755821347236633301e-01,-1.233640551567077637e+00,2.227783203125000000e-01,1.119174838066101074e+00,-6.737488508224487305e-01
2.463378906250000000e-01,-2.254097163677215576e-01,6.434790492057800293e-01,2.761230468750000000e-01,5.312051773071289062e-01,1.094052940607070923e-02,1.185546875000000000e+00,-9.007232785224914551e-01,-5.374269485473632812e-01
2.770996093750000000e-01,-5.145420879125595093e-02,-2.702814340591430664e+00,2.484130859375000000e-01,1.794488355517387390e-02,-1.537446975708007812e+00,5.742187500000000000e-01,8.972441777586936951e-03,2.975866317749023438e+00
9.389648437500000000e-01,2.413037538528442383e+00,-2.792672395706176758e+00,8.510742187500000000e-01,2.057252645492553711e+00,-2.175350904464721680e+00,8.725585937500000000e-01,2.295297145843505859e+00,-1.791550159454345703e+00
5.292968750000000000e-01,1.550401329994201660e+00,-2.427032470703125000e+00,1.467773437500000000e+00,7.809686660766601562e-01,-2.311978101730346680e+00,8.496093750000000000e-01,1.182165026664733887e+00,-1.777585029602050781e+00
2.097167968750000000e-01,9.573045969009399414e-01,2.617472410202026367e-02,1.013671875000000000e+00,1.209082365036010742e+00,-6.136809587478637695e-01,6.459960937500000000e-01,1.301187157630920410e+00,2.859525680541992188e-01
4.672851562500000000e-01,-3.984496593475341797e-01,2.512679100036621094e+00,5.722656250000000000e-01,-1.477156877517700195e+00,1.318882346153259277e+00,3.076171875000000000e-01,-2.204290866851806641e+00,1.116242051124572754e+00
7.158203125000000000e-01,-6.537064909934997559e-01,-7.941718697547912598e-01,1.297851562500000000e+00,-5.643482804298400879e-01,-5.680762529373168945e-01,2.839355468750000000e-01,-7.220069169998168945e-01,1.422409415245056152e+00
1.904296875000000000e+00,-4.151127636432647705e-01,2.429170608520507812e+00,1.035156250000000000e+00,-4.812158644199371338e-01,2.605948686599731445e+00,2.517089843750000000e-01,-4.416638612747192383e-01,1.225137591361999512e+00
5.781250000000000000e-01,1.180883169174194336e+00,-3.000292539596557617e+00,2.105468750000000000e+00,1.238013863563537598e+00,-2.270093441009521484e+00,1.588867187500000000e+00,1.289284944534301758e+00,-2.162669897079467773e+00
1.009765625000000000e+00,8.496353030204772949e-02,-6.111418008804321289e-01,9.150390625000000000e-01,-2.766807973384857178e-01,-1.234421610832214355e+00,2.227783203125000000e-01,1.118991613388061523e+00,-6.739441752433776855e-01
1.602539062500000000e+00,-6.722006797790527344e-01,4.512893855571746826e-01,1.370117187500000000e+00,-3.750114440917968750e-01,7.050283998250961304e-02,1.821289062500000000e+00,-6.950895786285400391e-01,3.910329043865203857e-01
9.404296875000000000e-01,2.412488222122192383e+00,-2.792867898941040039e+00,8.579101562500000000e-01,2.053407430648803711e+00,-2.174960374832153320e+00,8.647460937500000000e-01,2.296212673187255859e+00,-1.791354894638061523e+00
3.076171875000000000e-01,2.190374374389648438e+00,-1.611282587051391602e+00,2.279052734375000000e-01,1.126132965087890625e+00,-1.500727176666259766e+00,3.957519531250000000e-01,2.302621603012084961e+00,1.004421353340148926e+00
5.751953125000000000e-01,-6.738486886024475098e-01,6.628075838088989258e-01,6.489257812500000000e-01,3.438825607299804688e-01,8.773768544197082520e-01,5.102539062500000000e-01,-4.149296581745147705e-01,1.822511672973632812e+00
7.167968750000000000e-01,-6.538895964622497559e-01,-7.945625185966491699e-01,1.301757812500000000e+00,-5.643482804298400879e-01,-5.669193267822265625e-01,2.841796875000000000e-01,-7.214575409889221191e-01,1.422311782836914062e+00
1.907226562500000000e+00,-4.141972064971923828e-01,2.429170846939086914e+00,1.033203125000000000e+00,-4.843287467956542969e-01,2.605460166931152344e+00,2.519531250000000000e-01,-4.414807558059692383e-01,1.224356293678283691e+00
7.700195312500000000e-01,-1.381756067276000977e+00,6.090931296348571777e-01,2.673339843750000000e-01,-6.179997920989990234e-01,2.317456245422363281e+00,2.592773437500000000e-01,-1.895382523536682129e+00,5.341985225677490234e-01
1.601562500000000000e+00,-6.722006797790527344e-01,4.511917531490325928e-01,1.369140625000000000e+00,-3.751945495605468750e-01,7.060049474239349365e-02,1.821289062500000000e+00,-6.952726840972900391e-01,3.911305963993072510e-01
9.418945312500000000e-01,2.412671327590942383e+00,-2.792672634124755859e+00,8.564453125000000000e-01,2.053956747055053711e+00,-2.175448656082153320e+00,8.598632812500000000e-01,2.296578884124755859e+00,-1.790964245796203613e+00
5.371093750000000000e-01,1.547654628753662109e+00,-2.421661138534545898e+00,1.502929687500000000e+00,7.804193496704101562e-01,-2.309061527252197266e+00,8.305664062500000000e-01,1.183446764945983887e+00,-1.773678898811340332e+00
1.984863281250000000e-01,9.303872585296630859e-01,3.857345879077911377e-02,1.007812500000000000e+00,1.209631681442260742e+00,-6.147551536560058594e-01,6.464843750000000000e-01,1.301187157630920410e+00,2.858549058437347412e-01
7.172851562500000000e-01,-6.540727019309997559e-01,-7.944648861885070801e-01,1.301757812500000000e+00,-5.639820694923400879e-01,-5.670170187950134277e-01,2.839355468750000000e-01,-7.221900224685668945e-01,1.422116518020629883e+00
1.911132812500000000e+00,-4.141972064971923828e-01,2.429366111755371094e+00,1.035156250000000000e+00,-4.817651808261871338e-01,2.605753183364868164e+00,2.512207031250000000e-01,-4.416638612747192383e-01,1.225528240203857422e+00
7.695312500000000000e-01,-1.381756067276000977e+00,6.088978052139282227e-01,2.705078125000000000e-01,-6.185491681098937988e-01,2.321850776672363281e+00,2.561035156250000000e-01,-1.895382523536682129e+00,5.370306372642517090e-01
5.830078125000000000e-01,1.181432485580444336e+00,-2.999413728713989258e+00,2.103515625000000000e+00,1.238196969032287598e+00,-2.270386457443237305e+00,1.587890625000000000e+00,1.289284944534301758e+00,-2.162279367446899414e+00
1.010742187500000000e+00,8.496353030204772949e-02,-6.105558872222900391e-01,9.238281250000000000e-01,-2.753990292549133301e-01,-1.233542799949645996e+00,2.230224609375000000e-01,1.118625402450561523e+00,-6.739441752433776855e-01
2.766113281250000000e-01,-5.145420879125595093e-02,-2.703204870223999023e+00,3.200683593750000000e-01,1.794488355517387390e-02,-1.448484897613525391e+00,5.756835937500000000e-01,8.972441777586936951e-03,2.975768804550170898e+00
7.192382812500000000e-01,3.720816671848297119e-01,2.885921001434326172e+00,3.703613281250000000e-01,6.756798177957534790e-02,-3.051073312759399414e+00,3.725585937500000000e-01,1.129428982734680176e+00,1.435294032096862793e+00
3.085937500000000000e-01,2.191656351089477539e+00,-1.610403656959533691e+00,2.280273437500000000e-01,1.125766754150390625e+00,-1.500629425048828125e+00,3.959960937500000000e-01,2.307931661605834961e+00,1.003737807273864746e+00
4.680175781250000000e-01,-3.980834484100341797e-01,2.512483596801757812e+00,5.693359375000000000e-01,-1.465437769889831543e+00,1.282064795494079590e+00,3.068847656250000000e-01,-2.204107761383056641e+00,1.116827964782714844e+00
5.541992187500000000e-01,-1.167149901390075684e+00,-1.403173208236694336e+00,1.433593750000000000e+00,-1.465254664421081543e+00,-1.754245996475219727e+00,9.726562500000000000e-01,-9.880672693252563477e-01,-1.296142935752868652e+00
7.158203125000000000e-01,-6.538895964622497559e-01,-7.941718697547912598e-01,1.299804687500000000e+00,-5.645313858985900879e-01,-5.670996308326721191e-01,2.839355468750000000e-01,-7.223731279373168945e-01,1.422018766403198242e+00
1.905273437500000000e+00,-4.141972064971923828e-01,2.428682565689086914e+00,1.036132812500000000e+00,-4.799340665340423584e-01,2.606534481048583984e+00,2.512207031250000000e-01,-4.418469667434692383e-01,1.225821256637573242e+00
7.700195312500000000e-01,-1.381389856338500977e+00,6.089954972267150879e-01,2.673339843750000000e-01,-6.183660626411437988e-01,2.317456245422363281e+00,2.580566406250000000e-01,-1.896847486495971680e+00,5.355657339096069336e-01
6.049804687500000000e-01,1.181615591049194336e+00,-2.995788574218750000e+00,2.103515625000000000e+00,1.238013863563537598e+00,-2.270093441009521484e+00,1.584960937500000000e+00,1.288552522659301758e+00,-2.161888599395751953e+00
1.016601562500000000e+00,8.496353030204772949e-02,-6.101652383804321289e-01,9.213867187500000000e-01,-2.755821347236633301e-01,-1.233738064765930176e+00,2.229003906250000000e-01,1.119174838066101074e+00,-6.743347644805908203e-01
4.318847656250000000e-01,1.481551527976989746e+00,-3.371154367923736572e-01,1.445312500000000000e-01,1.859492778778076172e+00,7.342006564140319824e-01,7.744140625000000000e-01,2.080507755279541016e+00,-1.293015718460083008e+00
2.824707031250000000e-01,-5.438398569822311401e-02,-2.714533090591430664e+00,3.122558593750000000e-01,1.757866144180297852e-02,-1.448289513587951660e+00,5.830078125000000000e-01,1.171910762786865234e-02,2.976452350616455078e+00
9.365234375000000000e-01,2.412854433059692383e+00,-2.792867660522460938e+00,8.510742187500000000e-01,2.054139852523803711e+00,-2.175937175750732422e+00,9.106445312500000000e-01,2.296029567718505859e+00,-1.794204354286193848e+00
5.341796875000000000e-01,1.549119591712951660e+00,-2.428106784820556641e+00,1.477539062500000000e+00,7.811517715454101562e-01,-2.310317754745483398e+00,8.125000000000000000e-01,1.183263659477233887e+00,-1.774655580520629883e+00
3.088378906250000000e-01,2.190923690795898438e+00,-1.610599040985107422e+00,2.318115234375000000e-01,1.125583648681640625e+00,-1.496137142181396484e+00,3.974609375000000000e-01,2.303170919418334961e+00,1.004128336906433105e+00
2.098388671875000000e-01,9.569383859634399414e-01,2.637004107236862183e-02,1.012695312500000000e+00,1.209082365036010742e+00,-6.137785911560058594e-01,6.464843750000000000e-01,1.300637841224670410e+00,2.861478626728057861e-01
4.660644531250000000e-01,-3.933225572109222412e-01,2.507210016250610352e+00,6.108398437500000000e-01,-1.478621840476989746e+00,1.290670275688171387e+00,2.800292968750000000e-01,-2.216193199157714844e+00,1.144471287727355957e+00
7.148437500000000000e-01,-6.538895964622497559e-01,-7.947577834129333496e-01,1.300781250000000000e+00,-5.636158585548400879e-01,-5.670170187950134277e-01,2.839355468750000000e-01,-7.223731279373168945e-01,1.422116518020629883e+00
2.248535156250000000e-01,4.641865193843841553e-01,-2.939638376235961914e+00,1.773681640625000000e-01,1.955992341041564941e+00,-1.476121068000793457e+00,5.932617187500000000e-01,7.802361845970153809e-01,1.227570652961730957e+00
3.576660156250000000e-01,7.752922177314758301e-01,-2.001920223236083984e+00,7.973632812500000000e-01,2.561723589897155762e-01,-2.174878835678100586e+00,8.291015625000000000e-01,-2.905972599983215332e-01,-1.393003225326538086e+00
1.906250000000000000e+00,-4.141972064971923828e-01,2.429268360137939453e+00,1.036132812500000000e+00,-4.799340665340423584e-01,2.606241464614868164e+00,2.521972656250000000e-01,-4.412976503372192383e-01,1.224160909652709961e+00
7.700195312500000000e-01,-1.381939172744750977e+00,6.088978052139282227e-01,2.673339843750000000e-01,-6.190984845161437988e-01,2.317260980606079102e+00,2.575683593750000000e-01,-1.897213697433471680e+00,5.360540151596069336e-01
5.849609375000000000e-01,1.728568434715270996e+00,4.495197236537933350e-01,7.680664062500000000e-01,1.100680589675903320e+00,1.141042947769165039e+00,8.813476562500000000e-01,1.525498270988464355e+00,1.759437203407287598e+00
9.389648437500000000e-01,2.412488222122192383e+00,-2.792867660522460938e+00,8.500976562500000000e-01,2.054139852523803711e+00,-2.175937175750732422e+00,9.233398437500000000e-01,2.296578884124755859e+00,-1.795181155204772949e+00
5.332031250000000000e-01,1.548570156097412109e+00,-2.427813768386840820e+00,1.477539062500000000e+00,7.806024551391601562e-01,-2.309927225112915039e+00,8.159179687500000000e-01,1.184362292289733887e+00,-1.775436878204345703e+00
7.050781250000000000e-01,3.748283386230468750e-01,2.878889560699462891e+00,3.664550781250000000e-01,6.555376201868057251e-02,-3.057225704193115234e+00,3.784179687500000000e-01,1.121921420097351074e+00,1.424551606178283691e+00
2.098388671875000000e-01,9.565721750259399414e-01,2.646770142018795013e-02,1.013671875000000000e+00,1.209265470504760742e+00,-6.136809587478637695e-01,6.459960937500000000e-01,1.301553368568420410e+00,2.854642570018768311e-01
3.176269531250000000e-01,1.817194104194641113e+00,2.279949426651000977e+00,1.006835937500000000e+00,9.126254916191101074e-01,2.345882177352905273e+00,3.427734375000000000e-01,1.952696323394775391e+00,1.764894366264343262e+00
5.537109375000000000e-01,-1.161107182502746582e+00,-1.401903629302978516e+00,1.456054687500000000e+00,-1.463789820671081543e+00,-1.752390623092651367e+00,1.001953125000000000e+00,-9.877010583877563477e-01,-1.294365644454956055e+00
7.148437500000000000e-01,-6.538895964622497559e-01,-7.946601510047912598e-01,1.301757812500000000e+00,-5.641651749610900879e-01,-5.670170187950134277e-01,2.839355468750000000e-01,-7.221900224685668945e-01,1.422116518020629883e+00
1.908203125000000000e+00,-4.141972064971923828e-01,2.429268360137939453e+00,1.033203125000000000e+00,-4.828638434410095215e-01,2.605557918548583984e+00,2.512207031250000000e-01,-4.411145448684692383e-01,1.226016521453857422e+00
7.690429687500000000e-01,-1.381572961807250977e+00,6.091907620429992676e-01,2.670898437500000000e-01,-6.181829571723937988e-01,2.317163228988647461e+00,2.592773437500000000e-01,-1.897213697433471680e+00,5.342962145805358887e-01
6.074218750000000000e-01,1.181615591049194336e+00,-2.995202541351318359e+00,2.105468750000000000e+00,1.238196969032287598e+00,-2.270288705825805664e+00,1.586914062500000000e+00,1.288918733596801758e+00,-2.162376880645751953e+00
1.017578125000000000e+00,8.294931054115295410e-02,-6.098722815513610840e-01,9.238281250000000000e-01,-2.753990292549133301e-01,-1.233445167541503906e+00,2.232666015625000000e-01,1.117709875106811523e+00,-6.748231053352355957e-01
2.491455078125000000e-01,-2.305368185043334961e-01,6.383032202720642090e-01,2.746582031250000000e-01,5.315713882446289062e-01,9.573287330567836761e-03,1.157226562500000000e+00,-9.009063839912414551e-01,-5.348880887031555176e-01
2.819824218750000000e-01,-5.456709489226341248e-02,-2.716193437576293945e+00,3.122558593750000000e-01,1.757866144180297852e-02,-1.448387145996093750e+00,5.820312500000000000e-01,1.171910762786865234e-02,2.977038383483886719e+00
1.674804687500000000e+00,-6.650593876838684082e-01,2.499203205108642578e+00,2.302734375000000000e+00,-1.106356978416442871e+00,2.668534278869628906e+00,3.703613281250000000e-01,-1.084200620651245117e+00,-2.994430780410766602e+00
9.379882812500000000e-01,2.413586854934692383e+00,-2.792672395706176758e+00,8.559570312500000000e-01,2.053224325180053711e+00,-2.175155639648437500e+00,8.710937500000000000e-01,2.296212673187255859e+00,-1.792233824729919434e+00
2.097167968750000000e-01,9.576708078384399414e-01,2.607706375420093536e-02,1.015625000000000000e+00,1.209082365036010742e+00,-6.132903695106506348e-01,6.455078125000000000e-01,1.301004052162170410e+00,2.862455248832702637e-01
3.088378906250000000e-01,2.190557479858398438e+00,-1.610599040985107422e+00,2.280273437500000000e-01,1.125583648681640625e+00,-1.500531792640686035e+00,3.972167968750000000e-01,2.303170919418334961e+00,1.004225969314575195e+00
7.158203125000000000e-01,-6.537064909934997559e-01,-7.941718697547912598e-01,1.300781250000000000e+00,-5.643482804298400879e-01,-5.669193267822265625e-01,2.836914062500000000e-01,-7.223731279373168945e-01,1.422995328903198242e+00
5.776367187500000000e-01,1.180700063705444336e+00,-3.000195026397705078e+00,2.107421875000000000e+00,1.237647652626037598e+00,-2.269800424575805664e+00,1.600585937500000000e+00,1.289284944534301758e+00,-2.162852764129638672e+00
1.021484375000000000e+00,8.496353030204772949e-02,-6.096770167350769043e-01,9.155273437500000000e-01,-2.753990292549133301e-01,-1.234323978424072266e+00,2.230224609375000000e-01,1.118625402450561523e+00,-6.742371320724487305e-01
1.706054687500000000e+00,-7.084566950798034668e-01,2.562279462814331055e+00,2.308593750000000000e+00,-1.106173872947692871e+00,2.668729543685913086e+00,3.730468750000000000e-01,-1.028900980949401855e+00,-2.910737037658691406e+00
5.419921875000000000e-01,1.546189785003662109e+00,-2.425176858901977539e+00,1.447265625000000000e+00,7.800530791282653809e-01,-2.312661647796630859e+00,8.354492187500000000e-01,1.180700063705444336e+00,-1.777682900428771973e+00
2.071533203125000000e-01,9.367961883544921875e-01,3.408509492874145508e-02,1.014648437500000000e+00,1.207983613014221191e+00,-6.160247921943664551e-01,6.430664062500000000e-01,1.300637841224670410e+00,2.902495265007019043e-01
6.801757812500000000e-01,2.118594944477081299e-01,-3.673873841762542725e-01,5.209960937500000000e-01,8.802148699760437012e-01,-9.990590214729309082e-01,2.990722656250000000e-01,5.767998099327087402e-01,1.769295334815979004e+00
5.415039062500000000e-01,-1.154881477355957031e+00,-1.404540419578552246e+00,1.462890625000000000e+00,-1.464156031608581543e+00,-1.751999974250793457e+00,9.790039062500000000e-01,-9.864192605018615723e-01,-1.297217130661010742e+00
7.148437500000000000e-01,-6.538895964622497559e-01,-7.947577834129333496e-01,1.297851562500000000e+00,-5.645313858985900879e-01,-5.682715773582458496e-01,2.836914062500000000e-01,-7.231055498123168945e-01,1.422116518020629883e+00
7.685546875000000000e-01,-1.381389856338500977e+00,6.090931296348571777e-01,2.670898437500000000e-01,-6.181829571723937988e-01,2.317163228988647461e+00,2.583007812500000000e-01,-1.897763013839721680e+00,5.354680418968200684e-01
6.489257812500000000e-01,1.715018153190612793e+00,5.141821503639221191e-01,7.690429687500000000e-01,1.104159712791442871e+00,1.146218895912170410e+00,8.916015625000000000e-01,1.527329325675964355e+00,1.758558511734008789e+00
2.849121093750000000e-01,-5.108798667788505554e-02,-2.709064245223999023e+00,3.132324218750000000e-01,1.776177249848842621e-02,-1.457762479782104492e+00,5.791015625000000000e-01,1.080355234444141388e-02,2.977526664733886719e+00
7.211914062500000000e-01,3.728141188621520996e-01,2.883772373199462891e+00,3.666992187500000000e-01,6.848353892564773560e-02,-3.048924684524536133e+00,3.864746093750000000e-01,1.135288596153259277e+00,1.426699876785278320e+00
7.163085937500000000e-01,-6.537064909934997559e-01,-7.940742373466491699e-01,1.301757812500000000e+00,-5.643482804298400879e-01,-5.670170187950134277e-01,2.858886718750000000e-01,-7.223731279373168945e-01,1.421139955520629883e+00
1.905273437500000000e+00,-4.141972064971923828e-01,2.429073095321655273e+00,1.035156250000000000e+00,-4.821314215660095215e-01,2.605655670166015625e+00,2.521972656250000000e-01,-4.414807558059692383e-01,1.224453926086425781e+00
7.324218750000000000e-01,-1.383220911026000977e+00,6.105583906173706055e-01,2.641601562500000000e-01,-6.150700449943542480e-01,2.313452243804931641e+00,2.507324218750000000e-01,-1.925595879554748535e+00,5.270693302154541016e-01
6.069335937500000000e-01,1.181066274642944336e+00,-2.995300292968750000e+00,2.101562500000000000e+00,1.238196969032287598e+00,-2.270288705825805664e+00,1.588867187500000000e+00,1.289284944534301758e+00,-2.162376880645751953e+00
2.800292968750000000e-01,-6.262398511171340942e-02,-2.720099925994873047e+00,3.098144531250000000e-01,1.226844079792499542e-02,-1.458641171455383301e+00,5.722656250000000000e-01,5.493331700563430786e-03,2.974597215652465820e+00
1.658203125000000000e+00,-7.110202312469482422e-01,2.558384656906127930e+00,2.367187500000000000e+00,-1.106173872947692871e+00,2.667069435119628906e+00,3.986816406250000000e-01,-1.025971293449401855e+00,-2.920796155929565430e+00
9.399414062500000000e-01,2.412488222122192383e+00,-2.792672634124755859e+00,8.481445312500000000e-01,2.054872274398803711e+00,-2.176132440567016602e+00,8.706054687500000000e-01,2.295846462249755859e+00,-1.790475845336914062e+00
5.371093750000000000e-01,1.548936486244201660e+00,-2.427423238754272461e+00,1.478515625000000000e+00,7.809686660766601562e-01,-2.309927225112915039e+00,8.139648437500000000e-01,1.183263659477233887e+00,-1.774850845336914062e+00
2.091064453125000000e-01,9.595019221305847168e-01,2.510046400129795074e-02,1.010742187500000000e+00,1.209448575973510742e+00,-6.145598888397216797e-01,6.352539062500000000e-01,1.300088524818420410e+00,2.829250097274780273e-01
3.090820312500000000e-01,2.190557479858398438e+00,-1.610891938209533691e+00,2.283935546875000000e-01,1.127597928047180176e+00,-1.499262332916259766e+00,3.977050781250000000e-01,2.302987813949584961e+00,1.003835320472717285e+00
4.450683593750000000e-01,1.808954119682312012e+00,2.271753311157226562e+00,9.819335937500000000e-01,9.161046147346496582e-01,2.347034692764282227e+00,3.386230468750000000e-01,1.968443870544433594e+00,1.765968561172485352e+00
7.158203125000000000e-01,-6.537064909934997559e-01,-7.941718697547912598e-01,1.300781250000000000e+00,-5.641651749610900879e-01,-5.670170187950134277e-01,2.846679687500000000e-01,-7.220069169998168945e-01,1.421823501586914062e+00
1.904296875000000000e+00,-4.151127636432647705e-01,2.429170608520507812e+00,1.040039062500000000e+00,-4.806665182113647461e-01,2.607706069946289062e+00,2.512207031250000000e-01,-4.409314393997192383e-01,1.225821256637573242e+00
5.673828125000000000e-01,1.180700063705444336e+00,-3.001952648162841797e+00,2.105468750000000000e+00,1.237830758094787598e+00,-2.270093441009521484e+00,1.589843750000000000e+00,1.289284944534301758e+00,-2.162669897079467773e+00
1.039062500000000000e+00,8.496353030204772949e-02,-6.082122325897216797e-01,9.243164062500000000e-01,-2.753990292549133301e-01,-1.233445167541503906e+00,2.229003906250000000e-01,1.118625402450561523e+00,-6.740418076515197754e-01
9.399414062500000000e-01,2.413037538528442383e+00,-2.792574882507324219e+00,8.989257812500000000e-01,2.054139852523803711e+00,-2.171932458877563477e+00,8.813476562500000000e-01,2.295663356781005859e+00,-1.792624235153198242e+00
5.366210937500000000e-01,1.548936486244201660e+00,-2.427618503570556641e+00,1.478515625000000000e+00,7.806024551391601562e-01,-2.310220241546630859e+00,8.134765625000000000e-01,1.183629870414733887e+00,-1.774850845336914062e+00
3.085937500000000000e-01,2.191289901733398438e+00,-1.610306024551391602e+00,2.316894531250000000e-01,1.125766754150390625e+00,-1.496723055839538574e+00,3.979492187500000000e-01,2.303354024887084961e+00,1.004323601722717285e+00
2.099609375000000000e-01,9.565721750259399414e-01,2.666302211582660675e-02,1.011718750000000000e+00,1.209814786911010742e+00,-6.144622564315795898e-01,6.469726562500000000e-01,1.300820946693420410e+00,2.855618894100189209e-01
4.680175781250000000e-01,-3.980834484100341797e-01,2.512483596801757812e+00,5.839843750000000000e-01,-1.470748066902160645e+00,1.340269565582275391e+00,3.063964843750000000e-01,-2.206488132476806641e+00,1.116632699966430664e+00
7.148437500000000000e-01,-6.537064909934997559e-01,-7.947577834129333496e-01,1.301757812500000000e+00,-5.641651749610900879e-01,-5.670170187950134277e-01,2.839355468750000000e-01,-7.229224443435668945e-01,1.421628236770629883e+00
6.059570312500000000e-01,1.183629870414733887e+00,-2.995495557785034180e+00,2.105468750000000000e+00,1.238196969032287598e+00,-2.270288705825805664e+00,1.583007812500000000e+00,1.288552522659301758e+00,-2.162181615829467773e+00
3.320312500000000000e-01,-6.335642337799072266e-01,7.105653882026672363e-01,4.748535156250000000e-01,-6.278877854347229004e-01,-2.735388576984405518e-01,1.654296875000000000e+00,-4.370861053466796875e-01,6.651183217763900757e-02
1.017578125000000000e+00,8.496353030204772949e-02,-6.098722815513610840e-01,9.233398437500000000e-01,-2.755821347236633301e-01,-1.233640551567077637e+00,2.229003906250000000e-01,1.118076086044311523e+00,-6.734558939933776855e-01
5.322265625000000000e-01,1.550767540931701660e+00,-2.428790330886840820e+00,1.479492187500000000e+00,7.804193496704101562e-01,-2.309731960296630859e+00,8.144531250000000000e-01,1.184362292289733887e+00,-1.775046110153198242e+00
2.100830078125000000e-01,9.523606300354003906e-01,2.822556719183921814e-02,1.005859375000000000e+00,1.207983613014221191e+00,-6.132902503013610840e-01,6.479492187500000000e-01,1.304116964340209961e+00,2.883940339088439941e-01
4.541015625000000000e-01,1.822870612144470215e+00,2.288746356964111328e+00,1.009765625000000000e+00,9.118930697441101074e-01,2.346175193786621094e+00,3.444824218750000000e-01,1.953062534332275391e+00,1.763917803764343262e+00
4.680175781250000000e-01,-3.984496593475341797e-01,2.512483596801757812e+00,5.664062500000000000e-01,-1.473311543464660645e+00,1.280111789703369141e+00,3.068847656250000000e-01,-2.204107761383056641e+00,1.116632699966430664e+00
5.756835937500000000e-01,-6.740317940711975098e-01,6.631006002426147461e-01,6.489257812500000000e-01,3.438825607299804688e-01,8.776698112487792969e-01,5.112304687500000000e-01,-4.149296581745147705e-01,1.822120904922485352e+00
7.153320312500000000e-01,-6.527909040451049805e-01,-7.946601510047912598e-01,1.299804687500000000e+00,-5.637989640235900879e-01,-5.670019984245300293e-01,2.839355468750000000e-01,-7.221900224685668945e-01,1.422116518020629883e+00
7.685546875000000000e-01,-1.381572961807250977e+00,6.087024807929992676e-01,2.673339843750000000e-01,-6.176335811614990234e-01,2.317456245422363281e+00,2.585449218750000000e-01,-1.897213697433471680e+00,5.350774526596069336e-01
1.018554687500000000e+00,8.294931054115295410e-02,-6.097746491432189941e-01,9.238281250000000000e-01,-2.753990292549133301e-01,-1.233542799949645996e+00,2.231445312500000000e-01,1.119541049003601074e+00,-6.748231053352355957e-01
5.356445312500000000e-01,1.546922206878662109e+00,-2.426251411437988281e+00,1.458007812500000000e+00,7.809686660766601562e-01,-2.311587333679199219e+00,8.164062500000000000e-01,1.183812975883483887e+00,-1.771335124969482422e+00
2.070312500000000000e-01,9.375286102294921875e-01,3.398743271827697754e-02,1.013671875000000000e+00,1.208349823951721191e+00,-6.163178086280822754e-01,6.430664062500000000e-01,1.301004052162170410e+00,2.904448211193084717e-01
4.187011718750000000e-01,1.822321295738220215e+00,2.278198719024658203e+00,1.008789062500000000e+00,9.124423861503601074e-01,2.346565723419189453e+00,3.227539062500000000e-01,1.952879428863525391e+00,1.774269819259643555e+00
7.153320312500000000e-01,-6.537064909934997559e-01,-7.946601510047912598e-01,1.301757812500000000e+00,-5.639820694923400879e-01,-5.671146512031555176e-01,2.841796875000000000e-01,-7.223731279373168945e-01,1.421042203903198242e+00
1.909179687500000000e+00,-4.141972064971923828e-01,2.429366111755371094e+00,1.034179687500000000e+00,-4.815820753574371338e-01,2.605655670166015625e+00,2.514648437500000000e-01,-4.414807558059692383e-01,1.225528240203857422e+00
7.709960937500000000e-01,-1.381389856338500977e+00,6.093860864639282227e-01,2.675781250000000000e-01,-6.174504756927490234e-01,2.317651510238647461e+00,2.597656250000000000e-01,-1.897030591964721680e+00,5.341985821723937988e-01
6.074218750000000000e-01,1.181249380111694336e+00,-2.995105028152465820e+00,2.105468750000000000e+00,1.237647652626037598e+00,-2.270093441009521484e+00,1.589843750000000000e+00,1.289101839065551758e+00,-2.162669897079467773e+00
1.024414062500000000e+00,8.496353030204772949e-02,-6.092864274978637695e-01,9.223632812500000000e-01,-2.766807973384857178e-01,-1.233738183975219727e+00,2.229003906250000000e-01,1.118991613388061523e+00,-6.743347644805908203e-01
1.594726562500000000e+00,-6.707357764244079590e-01,4.495193362236022949e-01,1.367187500000000000e+00,-3.755607903003692627e-01,6.854964047670364380e-02,1.858398437500000000e+00,-6.930753588676452637e-01,3.916187584400177002e-01
9.394531250000000000e-01,2.413953065872192383e+00,-2.792672395706176758e+00,8.491210937500000000e-01,2.056886434555053711e+00,-2.176718473434448242e+00,8.745117187500000000e-01,2.296029567718505859e+00,-1.791159391403198242e+00
5.336914062500000000e-01,1.549119591712951660e+00,-2.427716255187988281e+00,1.479492187500000000e+00,7.806024551391601562e-01,-2.309927225112915039e+00,8.203125000000000000e-01,1.183996081352233887e+00,-1.775534510612487793e+00
2.097167968750000000e-01,9.576708078384399414e-01,2.607706375420093536e-02,1.007812500000000000e+00,1.209631681442260742e+00,-6.146575212478637695e-01,6.455078125000000000e-01,1.301187157630920410e+00,2.857572436332702637e-01
4.682617187500000000e-01,-3.980834484100341797e-01,2.512581348419189453e+00,5.654296875000000000e-01,-1.473494648933410645e+00,1.279916405677795410e+00,3.083496093750000000e-01,-2.203924655914306641e+00,1.115949153900146484e+00
5.600585937500000000e-01,-1.158360600471496582e+00,-1.405126571655273438e+00,1.381835937500000000e+00,-1.465987086296081543e+00,-1.753869175910949707e+00,9.887695312500000000e-01,-9.886165857315063477e-01,-1.303076863288879395e+00
5.761718750000000000e-01,-6.740317940711975098e-01,6.630029082298278809e-01,6.489257812500000000e-01,3.438825607299804688e-01,8.777674436569213867e-01,5.112304687500000000e-01,-4.140141010284423828e-01,1.822023272514343262e+00
7.192382812500000000e-01,-6.553544998168945312e-01,-7.899725437164306641e-01,1.310546875000000000e+00,-5.586718320846557617e-01,-5.553954839706420898e-01,2.521972656250000000e-01,-7.300637960433959961e-01,1.381880640983581543e+00
1.904296875000000000e+00,-4.141972064971923828e-01,2.429170608520507812e+00,1.034179687500000000e+00,-4.817651808261871338e-01,2.605948686599731445e+00,2.512207031250000000e-01,-4.416638612747192383e-01,1.225723505020141602e+00
5.776367187500000000e-01,1.181066274642944336e+00,-3.000390291213989258e+00,2.103515625000000000e+00,1.238013863563537598e+00,-2.270288705825805664e+00,1.584960937500000000e+00,1.289651155471801758e+00,-2.162669897079467773e+00
9.848632812500000000e-01,8.441419899463653564e-02,-6.092078685760498047e-01,9.140625000000000000e-01,-2.732017040252685547e-01,-1.231687188148498535e+00,2.186279296875000000e-01,1.125034332275390625e+00,-6.875188350677490234e-01
1.620117187500000000e+00,-7.090060114860534668e-01,2.556822299957275391e+00,2.365234375000000000e+00,-1.105624556541442871e+00,2.668241500854492188e+00,4.108886718750000000e-01,-1.026886820793151855e+00,-2.928210496902465820e+00
5.268554687500000000e-01,1.547105312347412109e+00,-2.428009033203125000e+00,1.458007812500000000e+00,7.806024551391601562e-01,-2.311587333679199219e+00,8.222656250000000000e-01,1.185094714164733887e+00,-1.773386001586914062e+00
3.088378906250000000e-01,2.191106796264648438e+00,-1.610696673393249512e+00,2.287597656250000000e-01,1.125766754150390625e+00,-1.499750614166259766e+00,3.979492187500000000e-01,2.302621603012084961e+00,1.004030585289001465e+00
2.095947265625000000e-01,9.578539133071899414e-01,2.607706189155578613e-02,1.018554687500000000e+00,1.208899140357971191e+00,-6.131927371025085449e-01,6.484375000000000000e-01,1.300454735755920410e+00,2.812649011611938477e-01
1.905273437500000000e+00,-4.141972064971923828e-01,2.429268360137939453e+00,1.033203125000000000e+00,-4.821314215660095215e-01,2.605460166931152344e+00,2.512207031250000000e-01,-4.416638612747192383e-01,1.225528240203857422e+00
7.695312500000000000e-01,-1.381206750869750977e+00,6.096790432929992676e-01,2.673339843750000000e-01,-6.183660626411437988e-01,2.317456245422363281e+00,2.587890625000000000e-01,-1.897763013839721680e+00,5.344914793968200684e-01
1.055664062500000000e+00,8.496353030204772949e-02,-6.072358489036560059e-01,9.243164062500000000e-01,-2.753990292549133301e-01,-1.233542799949645996e+00,2.232666015625000000e-01,1.119541049003601074e+00,-6.755067110061645508e-01
2.800292968750000000e-01,-6.262398511171340942e-02,-2.720099925994873047e+00,3.100585937500000000e-01,1.062044128775596619e-02,-1.463133692741394043e+00,5.742187500000000000e-01,5.493331700563430786e-03,2.974303960800170898e+00
2.462158203125000000e-01,-2.254097163677215576e-01,6.431860923767089844e-01,2.761230468750000000e-01,5.308389663696289062e-01,1.113584917038679123e-02,1.184570312500000000e+00,-9.007232785224914551e-01,-5.376222729682922363e-01
9.414062500000000000e-01,2.413037538528442383e+00,-2.792574882507324219e+00,8.540039062500000000e-01,2.053407430648803711e+00,-2.175253391265869141e+00,8.735351562500000000e-01,2.296029567718505859e+00,-1.791354775428771973e+00
5.327148437500000000e-01,1.551866173744201660e+00,-2.427130222320556641e+00,1.468750000000000000e+00,7.809686660766601562e-01,-2.311978101730346680e+00,8.349609375000000000e-01,1.182348132133483887e+00,-1.776510953903198242e+00
2.095947265625000000e-01,9.576708078384399414e-01,2.597940340638160706e-02,1.014648437500000000e+00,1.209814786911010742e+00,-6.142669916152954102e-01,6.401367187500000000e-01,1.299722313880920410e+00,2.824367582798004150e-01
4.680175781250000000e-01,-3.984496593475341797e-01,2.512483596801757812e+00,5.610351562500000000e-01,-1.480452895164489746e+00,1.277279615402221680e+00,3.081054687500000000e-01,-2.205938816070556641e+00,1.115851402282714844e+00
7.153320312500000000e-01,-6.537064909934997559e-01,-7.942695021629333496e-01,1.300781250000000000e+00,-5.643482804298400879e-01,-5.670170187950134277e-01,2.839355468750000000e-01,-7.221900224685668945e-01,1.422409415245056152e+00
1.903320312500000000e+00,-4.151127636432647705e-01,2.428584575653076172e+00,1.035156250000000000e+00,-4.823145270347595215e-01,2.606534481048583984e+00,2.491455078125000000e-01,-4.418469667434692383e-01,1.228750944137573242e+00
7.709960937500000000e-01,-1.381756067276000977e+00,6.091907620429992676e-01,2.673339843750000000e-01,-6.179997920989990234e-01,2.317456245422363281e+00,2.585449218750000000e-01,-1.897213697433471680e+00,5.349797606468200684e-01
9.399414062500000000e-01,2.412854433059692383e+00,-2.792672634124755859e+00,8.544921875000000000e-01,2.053773641586303711e+00,-2.175546169281005859e+00,8.706054687500000000e-01,2.295846462249755859e+00,-1.791745543479919434e+00
5.346679687500000000e-01,1.549485802650451660e+00,-2.428009033203125000e+00,1.480468750000000000e+00,7.806024551391601562e-01,-2.309829473495483398e+00,8.422851562500000000e-01,1.183812975883483887e+00,-1.777389764785766602e+00
3.098144531250000000e-01,2.191289901733398438e+00,-1.609427094459533691e+00,2.282714843750000000e-01,1.124668121337890625e+00,-1.499750614166259766e+00,3.974609375000000000e-01,2.302987813949584961e+00,1.004030585289001465e+00
4.550781250000000000e-01,1.805658102035522461e+00,2.298805236816406250e+00,1.011718750000000000e+00,9.126254916191101074e-01,2.346858501434326172e+00,3.269042968750000000e-01,1.975402116775512695e+00,1.769093751907348633e+00
4.672851562500000000e-01,-3.984496593475341797e-01,2.512288331985473633e+00,5.668945312500000000e-01,-1.473494648933410645e+00,1.280014157295227051e+00,3.068847656250000000e-01,-2.203924655914306641e+00,1.116827964782714844e+00
5.756835937500000000e-01,-6.740317940711975098e-01,6.630029082298278809e-01,6.494140625000000000e-01,3.438825607299804688e-01,8.777674436569213867e-01,5.112304687500000000e-01,-4.151127636432647705e-01,1.822120904922485352e+00
7.158203125000000000e-01,-6.537064909934997559e-01,-7.942695021629333496e-01,1.300781250000000000e+00,-5.637989640235900879e-01,-5.670170187950134277e-01,2.841796875000000000e-01,-7.218238115310668945e-01,1.422702431678771973e+00
5.571289062500000000e-01,1.179601430892944336e+00,-3.002929210662841797e+00,2.052734375000000000e+00,1.238563179969787598e+00,-2.271451473236083984e+00,1.630859375000000000e+00,1.284890294075012207e+00,-2.165880441665649414e+00
1.013671875000000000e+00,8.496353030204772949e-02,-6.103605628013610840e-01,9.135742187500000000e-01,-2.766807973384857178e-01,-1.234714627265930176e+00,2.230224609375000000e-01,1.118991613388061523e+00,-6.744324564933776855e-01
3.540039062500000000e-01,1.258522272109985352e+00,-1.646538138389587402e+00,5.195312500000000000e-01,1.793572783470153809e+00,-1.641070842742919922e+00,6.640625000000000000e-01,1.628406643867492676e+00,3.001953601837158203e+00
2.150878906250000000e-01,9.345988631248474121e-01,3.193667158484458923e-02,9.824218750000000000e-01,1.207251191139221191e+00,-6.141884922981262207e-01,6.625976562500000000e-01,1.298806667327880859e+00,2.914215922355651855e-01
2.863769531250000000e-01,2.200262546539306641e+00,-1.606003284454345703e+00,2.276611328125000000e-01,1.107638835906982422e+00,-1.506293773651123047e+00,3.996582031250000000e-01,2.299325466156005859e+00,9.982687830924987793e-01
4.643554687500000000e-01,-3.968016505241394043e-01,2.508381843566894531e+00,5.859375000000000000e-01,-1.470564842224121094e+00,1.275716900825500488e+00,3.105468750000000000e-01,-2.176091909408569336e+00,1.137727022171020508e+00
5.620117187500000000e-01,-1.158909916877746582e+00,-1.406200766563415527e+00,1.406250000000000000e+00,-1.462507963180541992e+00,-1.755027055740356445e+00,9.653320312500000000e-01,-9.904477000236511230e-01,-1.300635099411010742e+00
1.904296875000000000e+00,-4.141972064971923828e-01,2.429170608520507812e+00,1.038085937500000000e+00,-4.803003072738647461e-01,2.606534242630004883e+00,2.512207031250000000e-01,-4.411145448684692383e-01,1.225723505020141602e+00
9.379882812500000000e-01,2.413220643997192383e+00,-2.793063163757324219e+00,8.505859375000000000e-01,2.054872274398803711e+00,-2.175839424133300781e+00,8.706054687500000000e-01,2.296578884124755859e+00,-1.791647791862487793e+00
5.327148437500000000e-01,1.548936486244201660e+00,-2.428106784820556641e+00,1.480468750000000000e+00,7.813348770141601562e-01,-2.308852910995483398e+00,8.144531250000000000e-01,1.184179186820983887e+00,-1.775143861770629883e+00
2.043457031250000000e-01,9.569383859634399414e-01,1.904554478824138641e-02,1.034179687500000000e+00,1.209082365036010742e+00,-6.126069426536560059e-01,6.416015625000000000e-01,1.299722313880920410e+00,2.824367582798004150e-01
4.699707031250000000e-01,1.806024312973022461e+00,2.296461343765258789e+00,1.021484375000000000e+00,9.137241840362548828e-01,2.345002889633178711e+00,3.261718750000000000e-01,1.969725608825683594e+00,1.772218942642211914e+00
5.937500000000000000e-01,-1.158360600471496582e+00,-1.399462580680847168e+00,1.685546875000000000e+00,-1.465254664421081543e+00,-1.745457649230957031e+00,9.702148437500000000e-01,-9.869685769081115723e-01,-1.301221013069152832e+00
7.153320312500000000e-01,-6.537064909934997559e-01,-7.941718697547912598e-01,1.300781250000000000e+00,-5.641651749610900879e-01,-5.670170187950134277e-01,2.836914062500000000e-01,-7.229224443435668945e-01,1.422311782836914062e+00
1.907226562500000000e+00,-4.141972064971923828e-01,2.429366111755371094e+00,1.035156250000000000e+00,-4.806665182113647461e-01,2.605850934982299805e+00,2.512207031250000000e-01,-4.416638612747192383e-01,1.225528240203857422e+00
9.853515625000000000e-01,8.661153167486190796e-02,-6.059851050376892090e-01,8.994140625000000000e-01,-2.774132490158081055e-01,-1.230888128280639648e+00,2.335205078125000000e-01,1.111667275428771973e+00,-7.050973773002624512e-01
2.878417968750000000e-01,-5.163731798529624939e-02,-2.695001363754272461e+00,3.205566406250000000e-01,1.794488355517387390e-02,-1.448191881179809570e+00,5.756835937500000000e-01,8.972441777586936951e-03,2.975768804550170898e+00
9.409179687500000000e-01,2.412671327590942383e+00,-2.792281866073608398e+00,8.569335937500000000e-01,2.053956747055053711e+00,-2.175839424133300781e+00,9.091796875000000000e-01,2.295663356781005859e+00,-1.793520569801330566e+00
5.263671875000000000e-01,1.547837734222412109e+00,-2.428399801254272461e+00,1.457031250000000000e+00,7.811517715454101562e-01,-2.312270879745483398e+00,8.237304687500000000e-01,1.187841415405273438e+00,-1.774460196495056152e+00
4.709472656250000000e-01,1.793023467063903809e+00,2.289918184280395508e+00,1.002929687500000000e+00,9.131748676300048828e-01,2.344124317169189453e+00,3.310546875000000000e-01,1.965330958366394043e+00,1.764503836631774902e+00
7.148437500000000000e-01,-6.538895964622497559e-01,-7.948554754257202148e-01,1.300781250000000000e+00,-5.639820694923400879e-01,-5.670170187950134277e-01,2.836914062500000000e-01,-7.221900224685668945e-01,1.422311782836914062e+00
1.907226562500000000e+00,-4.141972064971923828e-01,2.429366111755371094e+00,1.034179687500000000e+00,-4.828638434410095215e-01,2.605264663696289062e+00,2.507324218750000000e-01,-4.414807558059692383e-01,1.226309537887573242e+00
7.685546875000000000e-01,-1.381572961807250977e+00,6.088978052139282227e-01,2.673339843750000000e-01,-6.187322735786437988e-01,2.317358732223510742e+00,2.590332031250000000e-01,-1.897579908370971680e+00,5.343938469886779785e-01
1.026367187500000000e+00,8.496353030204772949e-02,-6.090911030769348145e-01,9.238281250000000000e-01,-2.753990292549133301e-01,-1.233347535133361816e+00,2.233886718750000000e-01,1.119357943534851074e+00,-6.749207973480224609e-01
1.569335937500000000e+00,-6.732993721961975098e-01,4.515700340270996094e-01,1.359375000000000000e+00,-3.753776550292968750e-01,7.128405570983886719e-02,1.834960937500000000e+00,-6.934415698051452637e-01,3.920094668865203857e-01
9.399414062500000000e-01,2.412854433059692383e+00,-2.792672634124755859e+00,8.530273437500000000e-01,2.053407430648803711e+00,-2.175643920898437500e+00,8.754882812500000000e-01,2.296395778656005859e+00,-1.790866374969482422e+00
4.191894531250000000e-01,1.823236823081970215e+00,2.277905702590942383e+00,1.012695312500000000e+00,9.095126390457153320e-01,2.347444295883178711e+00,3.466796875000000000e-01,1.952879428863525391e+00,1.762648105621337891e+00
5.942382812500000000e-01,-1.158177375793457031e+00,-1.399267315864562988e+00,1.684570312500000000e+00,-1.465437769889831543e+00,-1.745652914047241211e+00,9.697265625000000000e-01,-9.869685769081115723e-01,-1.301025748252868652e+00
7.153320312500000000e-01,-6.538895964622497559e-01,-7.947577834129333496e-01,1.301757812500000000e+00,-5.641651749610900879e-01,-5.669193267822265625e-01,2.836914062500000000e-01,-7.221900224685668945e-01,1.422604799270629883e+00
1.905273437500000000e+00,-4.151127636432647705e-01,2.429170846939086914e+00,1.037109375000000000e+00,-4.813989698886871338e-01,2.606729507446289062e+00,2.509765625000000000e-01,-4.416638612747192383e-01,1.226211786270141602e+00
7.695312500000000000e-01,-1.381756067276000977e+00,6.090931296348571777e-01,2.670898437500000000e-01,-6.183660626411437988e-01,2.317065715789794922e+00,2.590332031250000000e-01,-1.897396802902221680e+00,5.345891714096069336e-01
5.351562500000000000e-01,1.549119591712951660e+00,-2.427911520004272461e+00,1.479492187500000000e+00,7.806024551391601562e-01,-2.309731960296630859e+00,8.139648437500000000e-01,1.183996081352233887e+00,-1.775143861770629883e+00
3.090820312500000000e-01,2.190740585327148438e+00,-1.610403656959533691e+00,2.283935546875000000e-01,1.125583648681640625e+00,-1.500238895416259766e+00,3.977050781250000000e-01,2.302987813949584961e+00,1.003835320472717285e+00
2.098388671875000000e-01,9.573045969009399414e-01,2.637004107236862183e-02,1.020507812500000000e+00,1.209448575973510742e+00,-6.131927371025085449e-01,6.459960937500000000e-01,1.300454735755920410e+00,2.867338359355926514e-01
7.163085937500000000e-01,-6.537064909934997559e-01,-7.940742373466491699e-01,1.301757812500000000e+00,-5.643482804298400879e-01,-5.670170187950134277e-01,2.839355468750000000e-01,-7.223731279373168945e-01,1.422214150428771973e+00
1.903320312500000000e+00,-4.160283207893371582e-01,2.430244684219360352e+00,1.036132812500000000e+00,-4.841456413269042969e-01,2.599991321563720703e+00,2.441406250000000000e-01,-4.557634294033050537e-01,1.230801701545715332e+00
5.747070312500000000e-01,1.181798815727233887e+00,-3.000878572463989258e+00,2.107421875000000000e+00,1.238196969032287598e+00,-2.270093441009521484e+00,1.578125000000000000e+00,1.289284944534301758e+00,-2.161693334579467773e+00
6.367187500000000000e-01,1.723624348640441895e+00,4.571490883827209473e-01,7.827148437500000000e-01,1.103793501853942871e+00,1.141824126243591309e+00,8.671875000000000000e-01,1.526413798332214355e+00,1.760120868682861328e+00
5.327148437500000000e-01,1.549119591712951660e+00,-2.428204536437988281e+00,1.478515625000000000e+00,7.809686660766601562e-01,-2.310220241546630859e+00,8.129882812500000000e-01,1.183812975883483887e+00,-1.774850845336914062e+00
3.068847656250000000e-01,2.190740585327148438e+00,-1.612454533576965332e+00,2.270507812500000000e-01,1.125583648681640625e+00,-1.501410722732543945e+00,3.977050781250000000e-01,2.303903341293334961e+00,1.003054022789001465e+00
4.680175781250000000e-01,-3.984496593475341797e-01,2.512483596801757812e+00,5.668945312500000000e-01,-1.472579121589660645e+00,1.279818773269653320e+00,3.059082031250000000e-01,-2.204290866851806641e+00,1.117413997650146484e+00
5.561523437500000000e-01,-1.167333006858825684e+00,-1.402977943420410156e+00,1.431640625000000000e+00,-1.465254664421081543e+00,-1.754245996475219727e+00,9.775390625000000000e-01,-9.873348474502563477e-01,-1.296631217002868652e+00
