9.082031250000000000e-01,-1.603320360183715820e+00,9.607626199722290039e-01,3.837890625000000000e-01,-1.867183446884155273e+00,-2.266708314418792725e-01,5.893554687500000000e-01,-1.662831544876098633e+00,4.731532335281372070e-01
4.731445312500000000e-01,-7.979980111122131348e-01,1.637945294380187988e+00,6.147460937500000000e-01,-5.337687134742736816e-01,1.528665900230407715e+00,1.284179687500000000e+00,-1.594897359609603882e-01,9.301141500473022461e-01
2.337890625000000000e+00,2.060365676879882812e+00,-2.148214340209960938e+00,6.416015625000000000e-01,1.617969274520874023e+00,-1.788427233695983887e+00,2.736816406250000000e-01,1.488326668739318848e+00,-2.382199048995971680e+00
2.407226562500000000e-01,4.356212019920349121e-01,9.500312805175781250e-01,5.258789062500000000e-01,7.871944308280944824e-01,1.367712378501892090e+00,7.373046875000000000e-01,1.136387228965759277e+00,3.019518613815307617e+00
5.800781250000000000e-01,-1.439985394477844238e+00,1.154326438903808594e+00,2.462158203125000000e-01,-9.653614759445190430e-01,1.517724514007568359e+00,7.167968750000000000e-01,-1.950682044029235840e+00,2.766616046428680420e-01
6.103515625000000000e-01,-3.918576613068580627e-02,-1.366637349128723145e+00,2.875976562500000000e-01,1.635364890098571777e+00,-1.818900346755981445e+00,1.357421875000000000e+00,6.515091657638549805e-01,-1.665194630622863770e+00
2.963867187500000000e-01,4.808496236801147461e-01,9.432934522628784180e-01,2.578125000000000000e-01,1.984923839569091797e+00,2.904485940933227539e+00,7.670898437500000000e-01,1.114230751991271973e+00,2.619310855865478516e+00
1.223632812500000000e+00,1.193334698677062988e+00,1.337841749191284180e+00,4.067382812500000000e-01,1.574205756187438965e+00,1.462157964706420898e+00,2.561035156250000000e-01,3.239234685897827148e-01,2.322143554687500000e+00
1.226562500000000000e+00,2.378063201904296875e+00,-1.993998169898986816e+00,1.220703125000000000e+00,1.795770168304443359e+00,-1.968899726867675781e+00,1.019531250000000000e+00,2.127201080322265625e+00,-1.466734409332275391e+00
1.240234375000000000e+00,1.807306110858917236e-01,-1.472498059272766113e+00,1.643554687500000000e+00,2.530594766139984131e-01,-1.042408704757690430e+00,1.023437500000000000e+00,6.288033723831176758e-01,-1.108129858970642090e+00
3.889160156250000000e-01,9.985045790672302246e-01,-2.654479503631591797e+00,2.623046875000000000e+00,1.662648439407348633e+00,3.102832794189453125e+00,1.288085937500000000e+00,1.833857178688049316e+00,3.093656778335571289e+00
1.711914062500000000e+00,-2.203192234039306641e+00,1.798584342002868652e+00,1.350585937500000000e+00,-2.121707916259765625e+00,2.159140825271606445e+00,5.263671875000000000e-01,-2.406811714172363281e+00,2.540599584579467773e+00
7.568359375000000000e-01,-9.893490672111511230e-01,1.871436476707458496e+00,5.590820312500000000e-01,-9.692068099975585938e-01,2.994519472122192383e+00,8.095703125000000000e-01,-1.071932077407836914e+00,-3.071277379989624023e+00
8.012695312500000000e-01,6.024353951215744019e-02,1.882682561874389648e+00,1.359375000000000000e+00,-3.838007748126983643e-01,1.422594904899597168e+00,3.913574218750000000e-01,1.644337326288223267e-01,1.501995205879211426e+00
9.038085937500000000e-01,-1.603503465652465820e+00,9.602743983268737793e-01,3.840332031250000000e-01,-1.867549657821655273e+00,-2.269638180732727051e-01,5.893554687500000000e-01,-1.662831544876098633e+00,4.730555415153503418e-01
2.332031250000000000e+00,2.061098098754882812e+00,-2.148409843444824219e+00,6.401367187500000000e-01,1.618335485458374023e+00,-1.788231968879699707e+00,2.817382812500000000e-01,1.489059090614318848e+00,-2.392648220062255859e+00
2.409667968750000000e-01,4.204230010509490967e-01,9.387028813362121582e-01,5.161132812500000000e-01,7.853633165359497070e-01,1.375720620155334473e+00,7.216796875000000000e-01,1.137302756309509277e+00,3.020690679550170898e+00
2.666015625000000000e-01,6.590166687965393066e-01,5.129089355468750000e-01,4.353027343750000000e-01,6.524246931076049805e-01,-1.427187681198120117e+00,5.610351562500000000e-01,1.593981742858886719e+00,-1.628570795059204102e+00
3.151855468750000000e-01,4.782860875129699707e-01,9.427991509437561035e-01,2.568359375000000000e-01,1.975035905838012695e+00,2.897942781448364258e+00,7.729492187500000000e-01,1.116611242294311523e+00,2.621068477630615234e+00
9.360351562500000000e-01,6.342967152595520020e-01,-2.445478588342666626e-01,4.291992187500000000e-01,5.822931602597236633e-02,-1.357849836349487305e+00,4.536132812500000000e-01,-2.158879339694976807e-01,-4.245202541351318359e-01
5.498046875000000000e-01,5.110629796981811523e-01,5.759887695312500000e-01,1.959960937500000000e+00,5.345011949539184570e-01,1.427577614784240723e+00,1.220703125000000000e+00,6.379589438438415527e-01,6.084250211715698242e-01
9.057617187500000000e-01,-1.602404832839965820e+00,9.609580039978027344e-01,3.845214843750000000e-01,-1.867732763290405273e+00,-2.269638180732727051e-01,5.898437500000000000e-01,-1.662831544876098633e+00,4.731532335281372070e-01
4.526367187500000000e-01,-8.364512920379638672e-01,1.631694912910461426e+00,5.908203125000000000e-01,-5.343180894851684570e-01,1.533146500587463379e+00,1.286132812500000000e+00,-1.633350700139999390e-01,9.355829954147338867e-01
2.023437500000000000e+00,-8.238166570663452148e-01,-4.952251315116882324e-01,3.647460937500000000e-01,-1.414532899856567383e+00,-4.033361971378326416e-01,9.375000000000000000e-01,-6.584673523902893066e-01,-1.029142141342163086e+00
2.330078125000000000e+00,2.060365676879882812e+00,-2.148214340209960938e+00,6.411132812500000000e-01,1.615772008895874023e+00,-1.788231849670410156e+00,2.734375000000000000e-01,1.489242196083068848e+00,-2.381515502929687500e+00
2.407226562500000000e-01,4.345225393772125244e-01,9.500312805175781250e-01,5.253906250000000000e-01,7.870113253593444824e-01,1.368591308593750000e+00,7.368164062500000000e-01,1.136204123497009277e+00,3.019909381866455078e+00
3.149414062500000000e-01,4.782860875129699707e-01,9.427014589309692383e-01,2.551269531250000000e-01,1.974120259284973145e+00,2.899407386779785156e+00,7.758789062500000000e-01,1.116428136825561523e+00,2.620677709579467773e+00
1.245117187500000000e+00,1.820123940706253052e-01,-1.471033215522766113e+00,1.659179687500000000e+00,2.515946030616760254e-01,-1.042018175125122070e+00,1.019531250000000000e+00,6.310006976127624512e-01,-1.108520388603210449e+00
1.702148437500000000e+00,-2.203375339508056641e+00,1.798193693161010742e+00,1.356445312500000000e+00,-2.121707916259765625e+00,2.158945322036743164e+00,5.234375000000000000e-01,-2.405896186828613281e+00,2.541478872299194336e+00
6.254882812500000000e-01,-7.610095739364624023e-01,-4.612384438514709473e-01,6.220703125000000000e-01,9.228797256946563721e-02,-1.198077440261840820e+00,8.022460937500000000e-01,-3.277688026428222656e-01,-1.343392491340637207e+00
4.682617187500000000e-01,-7.981811165809631348e-01,1.636968612670898438e+00,6.049804687500000000e-01,-5.317544937133789062e-01,1.544877290725708008e+00,1.283203125000000000e+00,-1.594897359609603882e-01,9.305047392845153809e-01
2.001953125000000000e+00,-8.271126151084899902e-01,-4.973735809326171875e-01,3.574218750000000000e-01,-1.413251161575317383e+00,-4.067541956901550293e-01,1.003906250000000000e+00,-6.586504578590393066e-01,-1.034689784049987793e+00
3.479003906250000000e-01,-6.183660626411437988e-01,-1.974575400352478027e+00,3.249511718750000000e-01,-1.120273470878601074e+00,1.695751667022705078e+00,3.857421875000000000e-01,-1.525864481925964355e+00,-1.931019783020019531e+00
2.666015625000000000e-01,6.590166687965393066e-01,5.131042599678039551e-01,4.348144531250000000e-01,6.524246931076049805e-01,-1.426797032356262207e+00,5.610351562500000000e-01,1.593981742858886719e+00,-1.628668546676635742e+00
3.173828125000000000e-01,4.781029820442199707e-01,9.439710378646850586e-01,2.575683593750000000e-01,1.975219011306762695e+00,2.896966218948364258e+00,7.739257812500000000e-01,1.116428136825561523e+00,2.620775461196899414e+00
1.247070312500000000e+00,1.801812797784805298e-01,-1.472693324089050293e+00,1.642578125000000000e+00,2.530594766139984131e-01,-1.042213439941406250e+00,1.025390625000000000e+00,6.256904602050781250e-01,-1.107446193695068359e+00
1.780273437500000000e+00,-2.200628757476806641e+00,1.799658894538879395e+00,1.325195312500000000e+00,-2.124271392822265625e+00,2.161972761154174805e+00,5.341796875000000000e-01,-2.414319276809692383e+00,2.515891790390014648e+00
4.836425781250000000e-01,-7.564317584037780762e-01,-4.335046112537384033e-01,6.240234375000000000e-01,8.917508274316787720e-02,-1.201104760169982910e+00,8.115234375000000000e-01,-3.255714476108551025e-01,-1.343783140182495117e+00
7.534179687500000000e-01,-9.897152781486511230e-01,1.871143460273742676e+00,5.488281250000000000e-01,-9.695730209350585938e-01,2.997059106826782227e+00,8.071289062500000000e-01,-1.071748971939086914e+00,-3.070886611938476562e+00
9.082031250000000000e-01,-1.603503465652465820e+00,9.605673551559448242e-01,3.833007812500000000e-01,-1.867732763290405273e+00,-2.266708165407180786e-01,5.888671875000000000e-01,-1.662648439407348633e+00,4.733485579490661621e-01
4.440917968750000000e-01,3.808709979057312012e-01,2.211048454046249390e-01,2.658691406250000000e-01,-5.676442757248878479e-02,-3.851653933525085449e-01,4.887695312500000000e-01,6.463820338249206543e-01,-1.639889121055603027e+00
4.731445312500000000e-01,-7.990966439247131348e-01,1.640972733497619629e+00,6.093750000000000000e-01,-5.335856080055236816e-01,1.529447197914123535e+00,1.283203125000000000e+00,-1.594897359609603882e-01,9.306024312973022461e-01
2.347656250000000000e+00,2.059999465942382812e+00,-2.147628307342529297e+00,6.420898437500000000e-01,1.620166659355163574e+00,-1.792333602905273438e+00,2.731933593750000000e-01,1.488875985145568848e+00,-2.381320238113403320e+00
2.407226562500000000e-01,4.337900876998901367e-01,9.501289725303649902e-01,5.234375000000000000e-01,7.871944308280944824e-01,1.368298292160034180e+00,7.368164062500000000e-01,1.137119650840759277e+00,3.019714117050170898e+00
6.123046875000000000e-01,-3.955198824405670166e-02,-1.363023996353149414e+00,2.993164062500000000e-01,1.643604874610900879e+00,-1.823685526847839355e+00,1.390625000000000000e+00,6.518753767013549805e-01,-1.669100880622863770e+00
2.663574218750000000e-01,6.595660448074340820e-01,5.124205946922302246e-01,4.345703125000000000e-01,6.526077985763549805e-01,-1.426797032356262207e+00,5.571289062500000000e-01,1.593798637390136719e+00,-1.627789616584777832e+00
3.002929687500000000e-01,4.874416291713714600e-01,9.381116628646850586e-01,2.919921875000000000e-01,1.976134538650512695e+00,2.883782386779785156e+00,7.744140625000000000e-01,1.118808507919311523e+00,2.626049041748046875e+00
1.206054687500000000e+00,2.383739709854125977e+00,-1.994779348373413086e+00,1.234375000000000000e+00,1.807123064994812012e+00,-1.967142105102539062e+00,8.598632812500000000e-01,2.127567291259765625e+00,-1.445738911628723145e+00
6.425781250000000000e-01,-7.558824419975280762e-01,-4.592850804328918457e-01,6.166992187500000000e-01,8.862575143575668335e-02,-1.194366335868835449e+00,7.885742187500000000e-01,-3.248390257358551025e-01,-1.342724561691284180e+00
9.038085937500000000e-01,-1.603503465652465820e+00,9.600791335105895996e-01,3.737792968750000000e-01,-1.869747042655944824e+00,-2.241315841674804688e-01,5.878906250000000000e-01,-1.663014650344848633e+00,4.734462201595306396e-01
4.716796875000000000e-01,-8.045899868011474609e-01,1.634624838829040527e+00,5.961914062500000000e-01,-5.345011949539184570e-01,1.531193256378173828e+00,1.283203125000000000e+00,-1.622363924980163574e-01,9.361690282821655273e-01
2.013671875000000000e+00,-8.245490789413452148e-01,-4.960063695907592773e-01,3.654785156250000000e-01,-1.415631532669067383e+00,-4.047034084796905518e-01,9.384765625000000000e-01,-6.588335633277893066e-01,-1.029630541801452637e+00
2.345703125000000000e+00,2.059816360473632812e+00,-2.148018836975097656e+00,6.401367187500000000e-01,1.618152379989624023e+00,-1.788329720497131348e+00,2.734375000000000000e-01,1.489242196083068848e+00,-2.381808519363403320e+00
4.902343750000000000e-01,1.474776506423950195e+00,1.265375494956970215e+00,3.957519531250000000e-01,9.660939574241638184e-01,-3.028611898422241211e+00,4.257812500000000000e-01,1.206518769264221191e+00,-2.417745351791381836e+00
3.149414062500000000e-01,4.784691929817199707e-01,9.417248368263244629e-01,2.546386718750000000e-01,1.977965593338012695e+00,2.898430824279785156e+00,7.744140625000000000e-01,1.117160558700561523e+00,2.619994163513183594e+00
9.433593750000000000e-01,6.436353921890258789e-01,-2.337077558040618896e-01,4.350585937500000000e-01,5.420087277889251709e-02,-1.367713212966918945e+00,4.506835937500000000e-01,-2.103946059942245483e-01,-4.232506752014160156e-01
1.212890625000000000e+00,1.792657226324081421e-01,-1.473669648170471191e+00,1.639648437500000000e+00,2.532425820827484131e-01,-1.040748476982116699e+00,1.019531250000000000e+00,6.286202669143676758e-01,-1.106664896011352539e+00
1.227539062500000000e+00,2.383556604385375977e+00,-1.996537327766418457e+00,1.220703125000000000e+00,1.795587062835693359e+00,-1.968899726867675781e+00,1.021484375000000000e+00,2.126834869384765625e+00,-1.467320442199707031e+00
3.811035156250000000e-01,1.029084086418151855e+00,-2.653795957565307617e+00,2.593750000000000000e+00,1.661915898323059082e+00,3.103215932846069336e+00,1.341796875000000000e+00,1.836970090866088867e+00,3.094227790832519531e+00
6.445312500000000000e-01,-7.593615651130676270e-01,-4.589920938014984131e-01,6.171875000000000000e-01,9.320352971553802490e-02,-1.197296142578125000e+00,8.178710937500000000e-01,-3.261207938194274902e-01,-1.343880653381347656e+00
9.057617187500000000e-01,-1.602954149246215820e+00,9.606650471687316895e-01,3.837890625000000000e-01,-1.867366552352905273e+00,-2.268661558628082275e-01,5.869140625000000000e-01,-1.663197755813598633e+00,4.733485877513885498e-01
4.716796875000000000e-01,-7.985473275184631348e-01,1.637163996696472168e+00,6.503906250000000000e-01,-5.337687134742736816e-01,1.523002028465270996e+00,1.283203125000000000e+00,-1.594897359609603882e-01,9.304071068763732910e-01
2.345703125000000000e+00,2.060548782348632812e+00,-2.148018836975097656e+00,6.406250000000000000e-01,1.617969274520874023e+00,-1.788329720497131348e+00,2.790527343750000000e-01,1.488875985145568848e+00,-2.389132976531982422e+00
2.421875000000000000e-01,4.343394339084625244e-01,9.514962434768676758e-01,5.258789062500000000e-01,7.875606417655944824e-01,1.367614746093750000e+00,7.373046875000000000e-01,1.136204123497009277e+00,3.019616365432739258e+00
6.088867187500000000e-01,-3.735465556383132935e-02,-1.369078755378723145e+00,3.041992187500000000e-01,1.570360422134399414e+00,-1.862559914588928223e+00,1.364257812500000000e+00,6.526077985763549805e-01,-1.665975928306579590e+00
2.663574218750000000e-01,6.595660448074340820e-01,5.122252702713012695e-01,4.350585937500000000e-01,6.540727019309997559e-01,-1.427578330039978027e+00,5.595703125000000000e-01,1.593981742858886719e+00,-1.628277897834777832e+00
3.134765625000000000e-01,4.797509610652923584e-01,9.455336332321166992e-01,2.558593750000000000e-01,1.974486470222473145e+00,2.899309635162353516e+00,7.749023437500000000e-01,1.116611242294311523e+00,2.620677709579467773e+00
1.258789062500000000e+00,1.820123940706253052e-01,-1.470251917839050293e+00,1.674804687500000000e+00,2.506790459156036377e-01,-1.042408823966979980e+00,1.030273437500000000e+00,6.300851702690124512e-01,-1.106371879577636719e+00
3.791503906250000000e-01,1.028900980949401855e+00,-2.656432628631591797e+00,2.593750000000000000e+00,1.661915898323059082e+00,3.103215932846069336e+00,1.342773437500000000e+00,1.837153196334838867e+00,3.093934774398803711e+00
2.341796875000000000e+00,2.060548782348632812e+00,-2.148409605026245117e+00,6.401367187500000000e-01,1.618518590927124023e+00,-1.788231968879699707e+00,2.734375000000000000e-01,1.488875985145568848e+00,-2.381613016128540039e+00
2.403564453125000000e-01,4.341563284397125244e-01,9.496406912803649902e-01,5.258789062500000000e-01,7.868282198905944824e-01,1.367907762527465820e+00,7.363281250000000000e-01,1.136936545372009277e+00,3.019714117050170898e+00
6.210937500000000000e-01,-3.936887905001640320e-02,-1.364293336868286133e+00,2.951660156250000000e-01,1.658803105354309082e+00,-1.824173927307128906e+00,1.337890625000000000e+00,6.513260006904602051e-01,-1.664022922515869141e+00
2.661132812500000000e-01,6.597491502761840820e-01,5.120299458503723145e-01,4.348144531250000000e-01,6.522415876388549805e-01,-1.426797032356262207e+00,5.581054687500000000e-01,1.593981742858886719e+00,-1.627984881401062012e+00
3.154296875000000000e-01,4.782860875129699707e-01,9.428967833518981934e-01,2.575683593750000000e-01,1.974486470222473145e+00,2.897747278213500977e+00,7.739257812500000000e-01,1.116977453231811523e+00,2.620482444763183594e+00
9.389648437500000000e-01,6.423535943031311035e-01,-2.405438572168350220e-01,4.252929687500000000e-01,5.255287513136863708e-02,-1.360095977783203125e+00,4.418945312500000000e-01,-2.114932686090469360e-01,-4.186608195304870605e-01
1.209960937500000000e+00,1.190221905708312988e+00,1.331884741783142090e+00,3.698730468750000000e-01,1.578966617584228516e+00,1.464005947113037109e+00,2.592773437500000000e-01,3.266701400279998779e-01,2.326636314392089844e+00
1.208984375000000000e+00,2.384472131729125977e+00,-1.996048927307128906e+00,1.216796875000000000e+00,1.795403957366943359e+00,-1.968606829643249512e+00,1.019531250000000000e+00,2.126834869384765625e+00,-1.466734409332275391e+00
1.248046875000000000e+00,1.801812797784805298e-01,-1.472205042839050293e+00,1.642578125000000000e+00,2.530594766139984131e-01,-1.042506337165832520e+00,1.026367187500000000e+00,6.286202669143676758e-01,-1.107934474945068359e+00
9.062500000000000000e-01,-1.602954149246215820e+00,9.607626795768737793e-01,3.840332031250000000e-01,-1.867183446884155273e+00,-2.268661558628082275e-01,5.864257812500000000e-01,-1.663380861282348633e+00,4.735438823699951172e-01
2.412109375000000000e-01,4.345225393772125244e-01,9.505196809768676758e-01,5.258789062500000000e-01,7.870113253593444824e-01,1.367810010910034180e+00,7.368164062500000000e-01,1.136204123497009277e+00,3.019714117050170898e+00
5.649414062500000000e-01,-2.816247940063476562e-01,-6.850850582122802734e-01,4.211425781250000000e-01,9.930112361907958984e-01,-1.596687287092208862e-01,2.128906250000000000e-01,-8.948637247085571289e-01,-5.610501766204833984e-01
6.069335937500000000e-01,-3.735465556383132935e-02,-1.369371891021728516e+00,2.301025390625000000e-01,1.678762197494506836e+00,-1.832768559455871582e+00,1.364257812500000000e+00,6.522415876388549805e-01,-1.665975928306579590e+00
3.151855468750000000e-01,4.782860875129699707e-01,9.428967833518981934e-01,2.609863281250000000e-01,1.953611850738525391e+00,2.866984605789184570e+00,7.734375000000000000e-01,1.116611242294311523e+00,2.620482444763183594e+00
1.183593750000000000e+00,1.194250345230102539e+00,1.332259058952331543e+00,3.999023437500000000e-01,1.594714164733886719e+00,1.463907957077026367e+00,2.619628906250000000e-01,3.283181190490722656e-01,2.317456245422363281e+00
1.246093750000000000e+00,1.827448308467864990e-01,-1.471326112747192383e+00,1.682617187500000000e+00,2.499465942382812500e-01,-1.038697719573974609e+00,1.011718750000000000e+00,6.284371614456176758e-01,-1.104906916618347168e+00
1.674804687500000000e+00,-2.204473972320556641e+00,1.798400521278381348e+00,1.313476562500000000e+00,-2.123172760009765625e+00,2.163144588470458984e+00,5.117187500000000000e-01,-2.406994819641113281e+00,2.527220487594604492e+00
6.118164062500000000e-01,-7.606433033943176270e-01,-4.628987908363342285e-01,6.093750000000000000e-01,8.954130858182907104e-02,-1.193487524986267090e+00,8.017578125000000000e-01,-3.263038992881774902e-01,-1.346517682075500488e+00
9.062500000000000000e-01,-1.602954149246215820e+00,9.608603715896606445e-01,3.845214843750000000e-01,-1.867366552352905273e+00,-2.270614653825759888e-01,6.025390625000000000e-01,-1.662831544876098633e+00,4.708210229873657227e-01
4.716796875000000000e-01,-7.981811165809631348e-01,1.637945294380187988e+00,6.479492187500000000e-01,-5.337687134742736816e-01,1.523685693740844727e+00,1.282226562500000000e+00,-1.591235101222991943e-01,9.307001233100891113e-01
1.998046875000000000e+00,2.062196731567382812e+00,-2.154855966567993164e+00,6.494140625000000000e-01,1.613757729530334473e+00,-1.788720130920410156e+00,2.658691406250000000e-01,1.492172002792358398e+00,-2.368038415908813477e+00
2.454833984375000000e-01,4.308603107929229736e-01,9.491524696350097656e-01,5.107421875000000000e-01,7.784051299095153809e-01,1.380017518997192383e+00,7.436523437500000000e-01,1.135105490684509277e+00,3.020202398300170898e+00
3.149414062500000000e-01,4.808496236801147461e-01,9.426038265228271484e-01,2.590332031250000000e-01,1.974669694900512695e+00,2.896184921264648438e+00,7.739257812500000000e-01,1.115878820419311523e+00,2.620775461196899414e+00
1.255859375000000000e+00,1.809137314558029175e-01,-1.470837950706481934e+00,1.674804687500000000e+00,2.537919282913208008e-01,-1.042311191558837891e+00,1.039062500000000000e+00,6.271553635597229004e-01,-1.107446312904357910e+00
1.730468750000000000e+00,-2.202642917633056641e+00,1.799170494079589844e+00,1.353515625000000000e+00,-2.121891021728515625e+00,2.158359527587890625e+00,5.249023437500000000e-01,-2.406628608703613281e+00,2.540697336196899414e+00
7.617187500000000000e-01,-9.893490672111511230e-01,1.871924757957458496e+00,5.488281250000000000e-01,-9.715872406959533691e-01,2.997059106826782227e+00,8.212890625000000000e-01,-1.071565866470336914e+00,-3.072058200836181641e+00
9.086914062500000000e-01,-1.602771043777465820e+00,9.613485932350158691e-01,3.830566406250000000e-01,-1.867183446884155273e+00,-2.264755070209503174e-01,5.883789062500000000e-01,-1.660817265510559082e+00,4.730555415153503418e-01
4.716796875000000000e-01,-7.979980111122131348e-01,1.637847542762756348e+00,6.132812500000000000e-01,-5.337687134742736816e-01,1.528861165046691895e+00,1.283203125000000000e+00,-1.594897359609603882e-01,9.305047392845153809e-01
2.011718750000000000e+00,-8.250983953475952148e-01,-4.961040318012237549e-01,3.647460937500000000e-01,-1.415631532669067383e+00,-4.048011004924774170e-01,9.370117187500000000e-01,-6.584673523902893066e-01,-1.028849124908447266e+00
2.337890625000000000e+00,2.060548782348632812e+00,-2.148312091827392578e+00,6.396484375000000000e-01,1.618701696395874023e+00,-1.788329720497131348e+00,2.729492187500000000e-01,1.488875985145568848e+00,-2.381222486495971680e+00
4.316406250000000000e-01,4.341563284397125244e-01,-7.535344362258911133e-01,2.103271484375000000e-01,1.433393359184265137e+00,1.582276940345764160e+00,2.775878906250000000e-01,1.255226254463195801e+00,2.310327053070068359e+00
2.409667968750000000e-01,4.345225393772125244e-01,9.503243565559387207e-01,5.253906250000000000e-01,7.868282198905944824e-01,1.368298292160034180e+00,7.392578125000000000e-01,1.137119650840759277e+00,3.019420862197875977e+00
4.362792968750000000e-01,-2.927945852279663086e-01,-6.603674888610839844e-01,2.744140625000000000e+00,1.609546244144439697e-01,-9.594078660011291504e-01,1.917724609375000000e-01,1.492904424667358398e+00,-6.128135323524475098e-01
6.069335937500000000e-01,-3.735465556383132935e-02,-1.369176506996154785e+00,2.294921875000000000e-01,1.645619034767150879e+00,-1.723683118820190430e+00,1.363281250000000000e+00,6.516922712326049805e-01,-1.665585279464721680e+00
2.663574218750000000e-01,6.597491502761840820e-01,5.122252702713012695e-01,4.360351562500000000e-01,6.526077985763549805e-01,-1.427382946014404297e+00,5.600585937500000000e-01,1.595080375671386719e+00,-1.628570795059204102e+00
3.061523437500000000e-01,4.806665182113647461e-01,9.398694634437561035e-01,2.648925781250000000e-01,1.956907868385314941e+00,2.906341314315795898e+00,7.690429687500000000e-01,1.114963173866271973e+00,2.624388933181762695e+00
1.243164062500000000e+00,1.801812797784805298e-01,-1.472302675247192383e+00,1.638671875000000000e+00,2.534257173538208008e-01,-1.041822791099548340e+00,1.025390625000000000e+00,6.286202669143676758e-01,-1.107641577720642090e+00
1.708007812500000000e+00,-2.203192234039306641e+00,1.798388957977294922e+00,1.361328125000000000e+00,-2.121524810791015625e+00,2.159043073654174805e+00,5.244140625000000000e-01,-2.407727241516113281e+00,2.541576385498046875e+00
9.077148437500000000e-01,-1.603686690330505371e+00,9.607626199722290039e-01,3.874511718750000000e-01,-1.867549657821655273e+00,-2.270614951848983765e-01,5.874023437500000000e-01,-1.663747072219848633e+00,4.731532633304595947e-01
4.777832031250000000e-01,-7.985473275184631348e-01,1.639019608497619629e+00,5.878906250000000000e-01,-5.707571506500244141e-01,1.556975483894348145e+00,1.283203125000000000e+00,-1.596728414297103882e-01,9.306024312973022461e-01
2.337890625000000000e+00,2.060548782348632812e+00,-2.148312091827392578e+00,6.406250000000000000e-01,1.617969274520874023e+00,-1.788329720497131348e+00,2.744140625000000000e-01,1.488692879676818848e+00,-2.382492065429687500e+00
2.409667968750000000e-01,4.345225393772125244e-01,9.503243565559387207e-01,5.170898437500000000e-01,7.868282198905944824e-01,1.370251655578613281e+00,7.368164062500000000e-01,1.136936545372009277e+00,3.020299911499023438e+00
5.561523437500000000e-01,-1.433942675590515137e+00,1.116239547729492188e+00,2.368164062500000000e-01,-9.712210297584533691e-01,1.530127167701721191e+00,6.494140625000000000e-01,-1.953978061676025391e+00,2.847806811332702637e-01
2.663574218750000000e-01,6.588335633277893066e-01,5.124205946922302246e-01,4.323730468750000000e-01,6.480300426483154297e-01,-1.425234675407409668e+00,5.620117187500000000e-01,1.593981742858886719e+00,-1.628766179084777832e+00
1.204101562500000000e+00,2.381176233291625977e+00,-1.996146559715270996e+00,1.219726562500000000e+00,1.795403957366943359e+00,-1.969095110893249512e+00,1.019531250000000000e+00,2.129947900772094727e+00,-1.468199372291564941e+00
7.622070312500000000e-01,-9.889827966690063477e-01,1.872022390365600586e+00,5.488281250000000000e-01,-9.714041352272033691e-01,2.997156620025634766e+00,8.076171875000000000e-01,-1.071748971939086914e+00,-3.070789098739624023e+00
9.023437500000000000e-01,-1.603686690330505371e+00,9.599814414978027344e-01,3.845214843750000000e-01,-1.866451025009155273e+00,-2.267684787511825562e-01,5.878906250000000000e-01,-1.662465333938598633e+00,4.733485579490661621e-01
4.724121093750000000e-01,-7.979980111122131348e-01,1.637945294380187988e+00,6.127929687500000000e-01,-5.337687134742736816e-01,1.528763532638549805e+00,1.283203125000000000e+00,-1.591235101222991943e-01,9.304071068763732910e-01
2.023437500000000000e+00,-8.238166570663452148e-01,-4.953227937221527100e-01,3.645019531250000000e-01,-1.415631532669067383e+00,-4.038244783878326416e-01,9.379882812500000000e-01,-6.591998338699340820e-01,-1.029532909393310547e+00
5.576171875000000000e-01,-1.437055587768554688e+00,1.118680953979492188e+00,2.365722656250000000e-01,-9.712210297584533691e-01,1.530420064926147461e+00,6.459960937500000000e-01,-1.953978061676025391e+00,2.851712703704833984e-01
2.663574218750000000e-01,6.595660448074340820e-01,5.121276378631591797e-01,4.353027343750000000e-01,6.533402800559997559e-01,-1.427382946014404297e+00,5.605468750000000000e-01,1.593615531921386719e+00,-1.628766179084777832e+00
3.186035156250000000e-01,4.813989698886871338e-01,9.425061941146850586e-01,2.626953125000000000e-01,1.965330958366394043e+00,2.891887664794921875e+00,7.685546875000000000e-01,1.122104525566101074e+00,2.626049280166625977e+00
1.246093750000000000e+00,1.801812797784805298e-01,-1.472302675247192383e+00,1.641601562500000000e+00,2.530594766139984131e-01,-1.041920423507690430e+00,1.024414062500000000e+00,6.288033723831176758e-01,-1.107836842536926270e+00
9.052734375000000000e-01,-1.602771043777465820e+00,9.605674147605895996e-01,3.837890625000000000e-01,-1.867366552352905273e+00,-2.268661558628082275e-01,5.937500000000000000e-01,-1.662831544876098633e+00,4.722742438316345215e-01
4.707031250000000000e-01,-7.979980111122131348e-01,1.637457013130187988e+00,6.123046875000000000e-01,-5.339518189430236816e-01,1.529544949531555176e+00,1.283203125000000000e+00,-1.594897359609603882e-01,9.302117824554443359e-01
2.013671875000000000e+00,-8.245490789413452148e-01,-4.959087371826171875e-01,3.647460937500000000e-01,-1.414899110794067383e+00,-4.036291837692260742e-01,9.375000000000000000e-01,-6.590166687965393066e-01,-1.029435157775878906e+00
2.335937500000000000e+00,2.060548782348632812e+00,-2.148409843444824219e+00,6.396484375000000000e-01,1.617969274520874023e+00,-1.788134336471557617e+00,2.734375000000000000e-01,1.488875985145568848e+00,-2.381515502929687500e+00
2.407226562500000000e-01,4.343394339084625244e-01,9.500312805175781250e-01,5.229492187500000000e-01,7.884762287139892578e-01,1.367907762527465820e+00,7.373046875000000000e-01,1.136204123497009277e+00,3.019714117050170898e+00
6.069335937500000000e-01,-3.735465556383132935e-02,-1.369176506996154785e+00,2.963867187500000000e-01,1.565416455268859863e+00,-1.815091609954833984e+00,1.364257812500000000e+00,6.531571149826049805e-01,-1.666171312332153320e+00
9.541015625000000000e-01,6.447340250015258789e-01,-2.380048483610153198e-01,4.182128906250000000e-01,4.889065399765968323e-02,-1.357752323150634766e+00,4.501953125000000000e-01,-2.122257202863693237e-01,-4.252038598060607910e-01
1.220703125000000000e+00,2.384105920791625977e+00,-1.995756030082702637e+00,1.220703125000000000e+00,1.795587062835693359e+00,-1.969192743301391602e+00,1.023437500000000000e+00,2.127567291259765625e+00,-1.467125177383422852e+00
1.686523437500000000e+00,-2.204473972320556641e+00,1.797814607620239258e+00,1.351562500000000000e+00,-2.122257232666015625e+00,2.158945322036743164e+00,5.131835937500000000e-01,-2.410657167434692383e+00,2.541478872299194336e+00
5.761718750000000000e-01,-6.903286576271057129e-01,-5.120329260826110840e-01,6.250000000000000000e-01,8.880886435508728027e-02,-1.201495528221130371e+00,8.115234375000000000e-01,-3.259376883506774902e-01,-1.344076156616210938e+00
9.077148437500000000e-01,-1.603320360183715820e+00,9.609579443931579590e-01,4.077148437500000000e-01,-1.867732763290405273e+00,-2.352571189403533936e-01,5.874023437500000000e-01,-1.662831544876098633e+00,4.735438823699951172e-01
4.699707031250000000e-01,-7.979980111122131348e-01,1.636870980262756348e+00,6.123046875000000000e-01,-5.339518189430236816e-01,1.528861165046691895e+00,1.282226562500000000e+00,-1.596728414297103882e-01,9.307001233100891113e-01
2.019531250000000000e+00,-8.243659734725952148e-01,-4.956157803535461426e-01,3.652343750000000000e-01,-1.415082216262817383e+00,-4.040198326110839844e-01,9.375000000000000000e-01,-6.586504578590393066e-01,-1.029044508934020996e+00
2.335937500000000000e+00,2.060548782348632812e+00,-2.148507356643676758e+00,6.396484375000000000e-01,1.618335485458374023e+00,-1.788524985313415527e+00,2.729492187500000000e-01,1.488875985145568848e+00,-2.380831956863403320e+00
2.407226562500000000e-01,4.341563284397125244e-01,9.500312805175781250e-01,5.258789062500000000e-01,7.873775362968444824e-01,1.367907762527465820e+00,7.373046875000000000e-01,1.137302756309509277e+00,3.019323110580444336e+00
3.193359375000000000e+00,1.401898264884948730e+00,-7.642841935157775879e-01,5.400390625000000000e-01,1.822687506675720215e+00,-1.130313158035278320e+00,1.812500000000000000e+00,1.581530213356018066e+00,-5.440542697906494141e-01
5.937500000000000000e-01,-4.303110018372535706e-02,-1.371336817741394043e+00,2.839355468750000000e-01,1.643971085548400879e+00,-1.808060288429260254e+00,1.342773437500000000e+00,6.511428952217102051e-01,-1.663729906082153320e+00
2.663574218750000000e-01,6.597491502761840820e-01,5.120299458503723145e-01,4.350585937500000000e-01,6.535233855247497559e-01,-1.428066730499267578e+00,5.600585937500000000e-01,1.593615531921386719e+00,-1.628277897834777832e+00
3.132324218750000000e-01,4.782860875129699707e-01,9.416272640228271484e-01,2.463378906250000000e-01,2.029969215393066406e+00,2.900188446044921875e+00,7.734375000000000000e-01,1.115878820419311523e+00,2.621068477630615234e+00
1.216796875000000000e+00,2.384105920791625977e+00,-1.995658397674560547e+00,1.220703125000000000e+00,1.795037746429443359e+00,-1.968802094459533691e+00,1.021484375000000000e+00,2.127933502197265625e+00,-1.467320442199707031e+00
1.231445312500000000e+00,1.801812797784805298e-01,-1.473083853721618652e+00,1.641601562500000000e+00,2.530594766139984131e-01,-1.041822791099548340e+00,1.023437500000000000e+00,6.284371614456176758e-01,-1.107641577720642090e+00
1.704101562500000000e+00,-2.203192234039306641e+00,1.798486590385437012e+00,1.390625000000000000e+00,-2.123722076416015625e+00,2.160606145858764648e+00,5.424804687500000000e-01,-2.407727241516113281e+00,2.521653890609741211e+00
9.067382812500000000e-01,-1.603686690330505371e+00,9.604696631431579590e-01,3.845214843750000000e-01,-1.867183446884155273e+00,-2.269638180732727051e-01,5.878906250000000000e-01,-1.662831544876098633e+00,4.731532335281372070e-01
4.440917968750000000e-01,3.814203441143035889e-01,2.210071831941604614e-01,2.658691406250000000e-01,-5.658131837844848633e-02,-3.849700987339019775e-01,4.838867187500000000e-01,6.465651392936706543e-01,-1.639010190963745117e+00
2.384765625000000000e+00,-4.907376319169998169e-02,-8.902657032012939453e-01,1.728515625000000000e-01,-8.507339954376220703e-01,-4.917159378528594971e-01,2.758789062500000000e-01,-1.803643852472305298e-01,4.690337460488080978e-03
4.494628906250000000e-01,-7.998291254043579102e-01,1.632573843002319336e+00,6.123046875000000000e-01,-5.337687134742736816e-01,1.529544949531555176e+00,1.285156250000000000e+00,-1.596728414297103882e-01,9.303094148635864258e-01
2.023437500000000000e+00,-8.243659734725952148e-01,-4.955180883407592773e-01,3.649902343750000000e-01,-1.414899110794067383e+00,-4.035315215587615967e-01,9.389648437500000000e-01,-6.582842469215393066e-01,-1.029337525367736816e+00
5.595703125000000000e-01,-2.867519259452819824e-01,-6.828388571739196777e-01,4.201660156250000000e-01,1.003082394599914551e+00,-1.549810916185379028e-01,2.178955078125000000e-01,-9.043855071067810059e-01,-5.422995686531066895e-01
2.663574218750000000e-01,6.597491502761840820e-01,5.120299458503723145e-01,4.353027343750000000e-01,6.526077985763549805e-01,-1.427675962448120117e+00,5.600585937500000000e-01,1.593798637390136719e+00,-1.628473162651062012e+00
3.122558593750000000e-01,4.782860875129699707e-01,9.401623606681823730e-01,2.575683593750000000e-01,1.974303364753723145e+00,2.897747278213500977e+00,7.739257812500000000e-01,1.116977453231811523e+00,2.620482444763183594e+00
9.340820312500000000e-01,6.372264623641967773e-01,-2.448408007621765137e-01,4.279785156250000000e-01,5.822931602597236633e-02,-1.357166171073913574e+00,4.394531250000000000e-01,-2.160710543394088745e-01,-4.202233850955963135e-01
1.245117187500000000e+00,1.801812797784805298e-01,-1.472009778022766113e+00,1.643554687500000000e+00,2.530594766139984131e-01,-1.042213439941406250e+00,1.023437500000000000e+00,6.286202669143676758e-01,-1.107836842536926270e+00
3.896484375000000000e-01,1.029267191886901855e+00,-2.654772520065307617e+00,2.595703125000000000e+00,1.664113283157348633e+00,3.102727651596069336e+00,1.337890625000000000e+00,1.837153196334838867e+00,3.093934774398803711e+00
6.469726562500000000e-01,-7.595446705818176270e-01,-4.617265462875366211e-01,6.308593750000000000e-01,9.228797256946563721e-02,-1.197393655776977539e+00,8.051757812500000000e-01,-3.270363509654998779e-01,-1.340658068656921387e+00
9.052734375000000000e-01,-1.603137254714965820e+00,9.605674147605895996e-01,3.850097656250000000e-01,-1.867366552352905273e+00,-2.271591275930404663e-01,5.878906250000000000e-01,-1.663563966751098633e+00,4.733485579490661621e-01
4.638671875000000000e-01,-8.062379956245422363e-01,1.650250196456909180e+00,6.118164062500000000e-01,-5.312051773071289062e-01,1.531009793281555176e+00,1.283203125000000000e+00,-1.593066155910491943e-01,9.304071068763732910e-01
2.017578125000000000e+00,-8.241828680038452148e-01,-4.957134425640106201e-01,3.652343750000000000e-01,-1.415265321731567383e+00,-4.039221704006195068e-01,9.375000000000000000e-01,-6.586504578590393066e-01,-1.029239773750305176e+00
2.335937500000000000e+00,2.060548782348632812e+00,-2.148214340209960938e+00,6.401367187500000000e-01,1.617419958114624023e+00,-1.788231968879699707e+00,2.749023437500000000e-01,1.488875985145568848e+00,-2.383468627929687500e+00
2.401123046875000000e-01,4.354380965232849121e-01,9.495429992675781250e-01,5.253906250000000000e-01,7.873775362968444824e-01,1.367712378501892090e+00,7.348632812500000000e-01,1.136570334434509277e+00,3.020592927932739258e+00
4.418945312500000000e-01,-2.869350314140319824e-01,-6.512851119041442871e-01,2.710937500000000000e+00,1.594897359609603882e-01,-9.579429626464843750e-01,1.936035156250000000e-01,1.491622686386108398e+00,-6.342986226081848145e-01
5.869140625000000000e-01,-4.303110018372535706e-02,-1.372606158256530762e+00,2.841796875000000000e-01,1.643971085548400879e+00,-1.808646202087402344e+00,1.347656250000000000e+00,6.516922712326049805e-01,-1.664315938949584961e+00
3.413085937500000000e-01,-6.339305043220520020e-01,-1.975551962852478027e+00,3.344726562500000000e-01,-1.117892980575561523e+00,1.681688785552978516e+00,3.698730468750000000e-01,-1.526047587394714355e+00,-1.930140614509582520e+00
2.663574218750000000e-01,6.588335633277893066e-01,5.124205946922302246e-01,4.348144531250000000e-01,6.520584821701049805e-01,-1.426601767539978027e+00,5.639648437500000000e-01,1.594164848327636719e+00,-1.629254460334777832e+00
1.247070312500000000e+00,1.801812797784805298e-01,-1.472302675247192383e+00,1.641601562500000000e+00,2.530594766139984131e-01,-1.042018055915832520e+00,1.025390625000000000e+00,6.291695833206176758e-01,-1.108325123786926270e+00
1.210937500000000000e+00,2.384105920791625977e+00,-1.996048927307128906e+00,1.218750000000000000e+00,1.795587062835693359e+00,-1.968899726867675781e+00,1.021484375000000000e+00,2.127567291259765625e+00,-1.466636776924133301e+00
9.047851562500000000e-01,-1.603137254714965820e+00,9.606650471687316895e-01,3.837890625000000000e-01,-1.867366552352905273e+00,-2.264755219221115112e-01,5.952148437500000000e-01,-1.661366581916809082e+00,4.715906083583831787e-01
2.332031250000000000e+00,2.061647415161132812e+00,-2.148898124694824219e+00,6.396484375000000000e-01,1.618335485458374023e+00,-1.788134336471557617e+00,2.729492187500000000e-01,1.489242196083068848e+00,-2.381222486495971680e+00
2.393798828125000000e-01,4.343394339084625244e-01,9.487617611885070801e-01,5.214843750000000000e-01,7.871944308280944824e-01,1.368884325027465820e+00,7.363281250000000000e-01,1.137119650840759277e+00,3.019518613815307617e+00
3.410644531250000000e-01,-6.335642337799072266e-01,-1.975747227668762207e+00,3.327636718750000000e-01,-1.117526769638061523e+00,1.682177066802978516e+00,3.645019531250000000e-01,-1.523117780685424805e+00,-1.928089857101440430e+00
3.127441406250000000e-01,4.850611984729766846e-01,9.438734054565429688e-01,2.575683593750000000e-01,1.973937153816223145e+00,2.898821592330932617e+00,7.695312500000000000e-01,1.115329504013061523e+00,2.625658512115478516e+00
1.231445312500000000e+00,1.803643852472305298e-01,-1.470349311828613281e+00,1.653320312500000000e+00,2.552568018436431885e-01,-1.042115688323974609e+00,1.020507812500000000e+00,6.289864778518676758e-01,-1.106860160827636719e+00
5.415039062500000000e-01,5.121616125106811523e-01,5.772584676742553711e-01,1.981445312500000000e+00,5.348674058914184570e-01,1.430409908294677734e+00,1.233398437500000000e+00,6.258735656738281250e-01,5.888931155204772949e-01
6.362304687500000000e-01,-7.595446705818176270e-01,-4.583085775375366211e-01,6.162109375000000000e-01,9.045686572790145874e-02,-1.195928931236267090e+00,7.988281250000000000e-01,-3.266701400279998779e-01,-1.344677686691284180e+00
9.086914062500000000e-01,-1.601123094558715820e+00,9.611532688140869141e-01,4.086914062500000000e-01,-1.870113253593444824e+00,-2.370149493217468262e-01,5.888671875000000000e-01,-1.663197755813598633e+00,4.730555415153503418e-01
2.021484375000000000e+00,-8.238166570663452148e-01,-4.953227937221527100e-01,3.652343750000000000e-01,-1.415448427200317383e+00,-4.046057760715484619e-01,9.379882812500000000e-01,-6.588335633277893066e-01,-1.029239773750305176e+00
5.551757812500000000e-01,-2.819910347461700439e-01,-6.902608275413513184e-01,4.326171875000000000e-01,9.920957088470458984e-01,-1.649422198534011841e-01,2.175292968750000000e-01,-9.095126390457153320e-01,-5.596829652786254883e-01
6.108398437500000000e-01,-4.010132327675819397e-02,-1.365172386169433594e+00,3.269042968750000000e-01,1.645252823829650879e+00,-1.825449585914611816e+00,1.365234375000000000e+00,6.516922712326049805e-01,-1.667929172515869141e+00
9.462890625000000000e-01,6.436353921890258789e-01,-2.351726740598678589e-01,4.238281250000000000e-01,5.438398569822311401e-02,-1.359314680099487305e+00,4.538574218750000000e-01,-2.146061658859252930e-01,-4.231530129909515381e-01
9.033203125000000000e-01,-1.603320360183715820e+00,9.605674147605895996e-01,3.825683593750000000e-01,-1.866817235946655273e+00,-2.262801676988601685e-01,5.922851562500000000e-01,-1.663014650344848633e+00,4.723719358444213867e-01
4.707031250000000000e-01,-7.978148460388183594e-01,1.637359261512756348e+00,6.723632812500000000e-01,-5.337687134742736816e-01,1.520170092582702637e+00,1.285156250000000000e+00,-1.591235101222991943e-01,9.304070472717285156e-01
2.000000000000000000e+00,-8.271126151084899902e-01,-4.975689053535461426e-01,3.627929687500000000e-01,-1.412701845169067383e+00,-4.107582867145538330e-01,1.003906250000000000e+00,-6.588335633277893066e-01,-1.034885168075561523e+00
2.339843750000000000e+00,2.060548782348632812e+00,-2.148214340209960938e+00,6.396484375000000000e-01,1.618518590927124023e+00,-1.788231968879699707e+00,2.734375000000000000e-01,1.488692879676818848e+00,-2.381808519363403320e+00
6.137695312500000000e-01,-3.900265693664550781e-02,-1.363609910011291504e+00,2.971191406250000000e-01,1.646351456642150879e+00,-1.819779276847839355e+00,1.359375000000000000e+00,6.518753767013549805e-01,-1.666366696357727051e+00
3.430175781250000000e-01,-6.192815899848937988e-01,-1.978481650352478027e+00,3.312988281250000000e-01,-1.117160558700561523e+00,1.691064000129699707e+00,3.886718750000000000e-01,-1.520371079444885254e+00,-1.935609817504882812e+00
2.666015625000000000e-01,6.597491502761840820e-01,5.125182271003723145e-01,4.335937500000000000e-01,6.529740095138549805e-01,-1.426699399948120117e+00,5.585937500000000000e-01,1.593798637390136719e+00,-1.628082513809204102e+00
3.156738281250000000e-01,4.782860875129699707e-01,9.430921077728271484e-01,2.563476562500000000e-01,1.974486470222473145e+00,2.898919343948364258e+00,7.753906250000000000e-01,1.117160558700561523e+00,2.619994163513183594e+00
1.246093750000000000e+00,1.801812797784805298e-01,-1.472302675247192383e+00,1.642578125000000000e+00,2.528763711452484131e-01,-1.042018055915832520e+00,1.025390625000000000e+00,6.295357942581176758e-01,-1.108520388603210449e+00
1.205078125000000000e+00,2.384105920791625977e+00,-1.996341943740844727e+00,1.217773437500000000e+00,1.795587062835693359e+00,-1.968802094459533691e+00,1.021484375000000000e+00,2.127384185791015625e+00,-1.467222809791564941e+00
3.923339843750000000e-01,1.006195306777954102e+00,-2.644811153411865234e+00,2.572265625000000000e+00,1.662648439407348633e+00,3.101848602294921875e+00,1.260742187500000000e+00,1.832026124000549316e+00,3.094731092453002930e+00
9.013671875000000000e-01,-1.605517745018005371e+00,9.596884250640869141e-01,3.840332031250000000e-01,-1.867183446884155273e+00,-2.266708314418792725e-01,5.893554687500000000e-01,-1.663380861282348633e+00,4.727625846862792969e-01
4.694824218750000000e-01,-7.983642220497131348e-01,1.636773228645324707e+00,6.474609375000000000e-01,-5.337687134742736816e-01,1.523392677307128906e+00,1.282226562500000000e+00,-1.594897359609603882e-01,9.305047392845153809e-01
2.341796875000000000e+00,2.060548782348632812e+00,-2.148214101791381836e+00,6.406250000000000000e-01,1.618518590927124023e+00,-1.788427352905273438e+00,2.744140625000000000e-01,1.489242196083068848e+00,-2.383077859878540039e+00
2.401123046875000000e-01,4.480727612972259521e-01,9.537423849105834961e-01,5.122070312500000000e-01,7.926877737045288086e-01,1.373865127563476562e+00,7.377929687500000000e-01,1.136204123497009277e+00,3.019616365432739258e+00
2.663574218750000000e-01,6.595660448074340820e-01,5.120299458503723145e-01,4.350585937500000000e-01,6.522415876388549805e-01,-1.426797032356262207e+00,5.625000000000000000e-01,1.594164848327636719e+00,-1.628961443901062012e+00
3.127441406250000000e-01,4.782860875129699707e-01,9.414319396018981934e-01,2.590332031250000000e-01,1.974486470222473145e+00,2.896673202514648438e+00,7.739257812500000000e-01,1.116977453231811523e+00,2.620482444763183594e+00
1.215820312500000000e+00,2.384105920791625977e+00,-1.996439695358276367e+00,1.221679687500000000e+00,1.795587062835693359e+00,-1.968899726867675781e+00,1.023437500000000000e+00,2.127201080322265625e+00,-1.466929793357849121e+00
1.248046875000000000e+00,1.801812797784805298e-01,-1.472205042839050293e+00,1.642578125000000000e+00,2.530594766139984131e-01,-1.042311072349548340e+00,1.025390625000000000e+00,6.288033723831176758e-01,-1.107934474945068359e+00
1.684570312500000000e+00,-2.203009128570556641e+00,1.797716975212097168e+00,1.350585937500000000e+00,-2.121891021728515625e+00,2.159238338470458984e+00,5.239257812500000000e-01,-2.407361030578613281e+00,2.540892839431762695e+00
9.033203125000000000e-01,-1.603869795799255371e+00,9.601767659187316895e-01,3.830566406250000000e-01,-1.870296359062194824e+00,-2.268661409616470337e-01,6.044921875000000000e-01,-1.663014650344848633e+00,4.705280959606170654e-01
2.339843750000000000e+00,2.060548782348632812e+00,-2.148409843444824219e+00,6.406250000000000000e-01,1.617969274520874023e+00,-1.788329720497131348e+00,2.749023437500000000e-01,1.489242196083068848e+00,-2.383859157562255859e+00
4.240722656250000000e-01,4.297616481781005859e-01,-7.559760212898254395e-01,2.209472656250000000e-01,1.416547179222106934e+00,1.585597395896911621e+00,2.785644531250000000e-01,1.257972955703735352e+00,2.297631263732910156e+00
2.409667968750000000e-01,4.323252141475677490e-01,9.502266645431518555e-01,5.258789062500000000e-01,7.873775362968444824e-01,1.367614746093750000e+00,7.358398437500000000e-01,1.136570334434509277e+00,3.020104646682739258e+00
3.151855468750000000e-01,4.782860875129699707e-01,9.428967833518981934e-01,2.585449218750000000e-01,1.974303364753723145e+00,2.896282434463500977e+00,7.744140625000000000e-01,1.116061925888061523e+00,2.621654510498046875e+00
1.214843750000000000e+00,1.799981743097305298e-01,-1.472595572471618652e+00,1.639648437500000000e+00,2.532425820827484131e-01,-1.040553092956542969e+00,1.019531250000000000e+00,6.291695833206176758e-01,-1.107739210128784180e+00
3.786621093750000000e-01,1.030549049377441406e+00,-2.655553579330444336e+00,2.597656250000000000e+00,1.662099003791809082e+00,3.102629899978637695e+00,1.344726562500000000e+00,1.836970090866088867e+00,3.093935012817382812e+00
1.718750000000000000e+00,-2.203375339508056641e+00,1.798779606819152832e+00,1.349609375000000000e+00,-2.121341705322265625e+00,2.159336090087890625e+00,5.239257812500000000e-01,-2.407544136047363281e+00,2.541576385498046875e+00
7.626953125000000000e-01,-9.891659021377563477e-01,1.872022390365600586e+00,5.493164062500000000e-01,-9.708548188209533691e-01,2.997058868408203125e+00,8.208007812500000000e-01,-1.071748971939086914e+00,-3.071960687637329102e+00
9.062500000000000000e-01,-1.602587938308715820e+00,9.608603715896606445e-01,3.835449218750000000e-01,-1.867366552352905273e+00,-2.263778448104858398e-01,5.898437500000000000e-01,-1.662648439407348633e+00,4.728602468967437744e-01
2.015625000000000000e+00,-8.241828680038452148e-01,-4.957134127616882324e-01,3.662109375000000000e-01,-1.414716005325317383e+00,-4.045081138610839844e-01,9.375000000000000000e-01,-6.586504578590393066e-01,-1.029239773750305176e+00
2.409667968750000000e-01,4.343394339084625244e-01,9.503243565559387207e-01,5.258789062500000000e-01,7.870113253593444824e-01,1.368005394935607910e+00,7.373046875000000000e-01,1.136570334434509277e+00,3.019616365432739258e+00
3.034667968750000000e-01,4.812158644199371338e-01,9.470962285995483398e-01,2.587890625000000000e-01,1.984923839569091797e+00,2.903314113616943359e+00,7.744140625000000000e-01,1.109469890594482422e+00,2.620775461196899414e+00
1.235351562500000000e+00,1.803643852472305298e-01,-1.470056533813476562e+00,1.653320312500000000e+00,2.541581392288208008e-01,-1.041529774665832520e+00,1.017578125000000000e+00,6.282540559768676758e-01,-1.105785846710205078e+00
3.793945312500000000e-01,1.028717875480651855e+00,-2.655749082565307617e+00,2.595703125000000000e+00,1.662282228469848633e+00,3.103215932846069336e+00,1.338867187500000000e+00,1.836970090866088867e+00,3.094325304031372070e+00
9.028320312500000000e-01,-1.603869795799255371e+00,9.601767659187316895e-01,3.767089843750000000e-01,-1.867366552352905273e+00,-2.240339666604995728e-01,6.074218750000000000e-01,-1.662831544876098633e+00,4.703328013420104980e-01
4.711914062500000000e-01,-7.985473275184631348e-01,1.637261629104614258e+00,6.127929687500000000e-01,-5.337687134742736816e-01,1.528665900230407715e+00,1.283203125000000000e+00,-1.594897359609603882e-01,9.304071068763732910e-01
2.023437500000000000e+00,-8.247321844100952148e-01,-4.957134425640106201e-01,3.652343750000000000e-01,-1.414716005325317383e+00,-4.036291837692260742e-01,9.370117187500000000e-01,-6.586504578590393066e-01,-1.029239773750305176e+00
2.339843750000000000e+00,2.060548782348632812e+00,-2.148214340209960938e+00,6.328125000000000000e-01,1.618701696395874023e+00,-1.787450790405273438e+00,2.756347656250000000e-01,1.488692879676818848e+00,-2.384445190429687500e+00
2.406005859375000000e-01,4.337900876998901367e-01,9.499336481094360352e-01,5.258789062500000000e-01,7.875606417655944824e-01,1.367810010910034180e+00,7.377929687500000000e-01,1.136387228965759277e+00,3.019323110580444336e+00
5.795898437500000000e-01,-1.431379079818725586e+00,1.161064982414245605e+00,2.348632812500000000e-01,-1.023407697677612305e+00,1.619583010673522949e+00,6.552734375000000000e-01,-1.953611850738525391e+00,2.826322019100189209e-01
2.663574218750000000e-01,6.597491502761840820e-01,5.124205946922302246e-01,4.348144531250000000e-01,6.527909040451049805e-01,-1.427187681198120117e+00,5.590820312500000000e-01,1.594897270202636719e+00,-1.628277897834777832e+00
3.149414062500000000e-01,4.782860875129699707e-01,9.427014589309692383e-01,2.556152343750000000e-01,1.974303364753723145e+00,2.899602651596069336e+00,7.749023437500000000e-01,1.116794347763061523e+00,2.620580196380615234e+00
1.243164062500000000e+00,1.801812797784805298e-01,-1.472498059272766113e+00,1.638671875000000000e+00,2.530594766139984131e-01,-1.041725158691406250e+00,1.022460937500000000e+00,6.308175921440124512e-01,-1.107641577720642090e+00
1.735351562500000000e+00,-2.202826023101806641e+00,1.799268126487731934e+00,1.378906250000000000e+00,-2.117313146591186523e+00,2.159238338470458984e+00,5.258789062500000000e-01,-2.406445503234863281e+00,2.540697336196899414e+00
6.450195312500000000e-01,-7.577135562896728516e-01,-4.608476161956787109e-01,6.152343750000000000e-01,8.880886435508728027e-02,-1.196124315261840820e+00,8.149414062500000000e-01,-3.283181190490722656e-01,-1.344271302223205566e+00
7.617187500000000000e-01,-9.897152781486511230e-01,1.872022390365600586e+00,5.483398437500000000e-01,-9.714041352272033691e-01,2.997547388076782227e+00,8.212890625000000000e-01,-1.072115182876586914e+00,-3.071960687637329102e+00
8.701171875000000000e-01,-1.602404832839965820e+00,9.628309011459350586e-01,4.001464843750000000e-01,-1.881283044815063477e+00,-2.236357331275939941e-01,6.254882812500000000e-01,-1.656239509582519531e+00,4.585162103176116943e-01
4.709472656250000000e-01,-7.978148460388183594e-01,1.637749910354614258e+00,6.386718750000000000e-01,-5.337687134742736816e-01,1.524955034255981445e+00,1.283203125000000000e+00,-1.596728414297103882e-01,9.304071068763732910e-01
2.337890625000000000e+00,2.060548782348632812e+00,-2.148312091827392578e+00,6.420898437500000000e-01,1.616687536239624023e+00,-1.792528867721557617e+00,2.731933593750000000e-01,1.488143563270568848e+00,-2.381417751312255859e+00
2.396240234375000000e-01,4.299447536468505859e-01,9.513985514640808105e-01,5.214843750000000000e-01,7.807855606079101562e-01,1.373865008354187012e+00,7.382812500000000000e-01,1.131260156631469727e+00,3.017760753631591797e+00
3.476562500000000000e-01,-6.179997920989990234e-01,-1.974575281143188477e+00,3.215332031250000000e-01,-1.120090365409851074e+00,1.697412014007568359e+00,3.857421875000000000e-01,-1.524948835372924805e+00,-1.930726766586303711e+00
3.105468750000000000e-01,4.784691929817199707e-01,9.512955546379089355e-01,2.583007812500000000e-01,1.985473155975341797e+00,2.903509378433227539e+00,7.666015625000000000e-01,1.113681435585021973e+00,2.619603872299194336e+00
1.219726562500000000e+00,2.384472131729125977e+00,-1.995951414108276367e+00,1.215820312500000000e+00,1.795403957366943359e+00,-1.968802094459533691e+00,1.015625000000000000e+00,2.127017974853515625e+00,-1.466636657714843750e+00
1.248046875000000000e+00,1.801812797784805298e-01,-1.472107410430908203e+00,1.639648437500000000e+00,2.530594766139984131e-01,-1.041529774665832520e+00,1.025390625000000000e+00,6.291695833206176758e-01,-1.108422756195068359e+00
4.719238281250000000e-01,-7.976317405700683594e-01,1.637945294380187988e+00,6.484375000000000000e-01,-5.337687134742736816e-01,1.523295044898986816e+00,1.284179687500000000e+00,-1.594897359609603882e-01,9.303094744682312012e-01
2.015625000000000000e+00,-8.243659734725952148e-01,-4.957134127616882324e-01,3.640136718750000000e-01,-1.415265321731567383e+00,-4.035314917564392090e-01,9.370117187500000000e-01,-6.584673523902893066e-01,-1.029044508934020996e+00
2.406005859375000000e-01,4.341563284397125244e-01,9.500312805175781250e-01,5.170898437500000000e-01,7.870113253593444824e-01,1.370056390762329102e+00,7.363281250000000000e-01,1.136021018028259277e+00,3.020202398300170898e+00
6.162109375000000000e-01,-3.936887905001640320e-02,-1.363414525985717773e+00,2.971191406250000000e-01,1.646168351173400879e+00,-1.819779276847839355e+00,1.360351562500000000e+00,6.518753767013549805e-01,-1.666366696357727051e+00
4.360351562500000000e-01,-2.927945852279663086e-01,-6.604651212692260742e-01,2.738281250000000000e+00,1.604052931070327759e-01,-9.591149091720581055e-01,1.842041015625000000e-01,1.492172002792358398e+00,-6.003130674362182617e-01
2.663574218750000000e-01,6.599322557449340820e-01,5.126159191131591797e-01,4.338378906250000000e-01,6.520584821701049805e-01,-1.426504135131835938e+00,5.629882812500000000e-01,1.593798637390136719e+00,-1.628961443901062012e+00
3.063964843750000000e-01,4.806665182113647461e-01,9.400647878646850586e-01,2.629394531250000000e-01,1.956541657447814941e+00,2.907806158065795898e+00,7.680664062500000000e-01,1.114963173866271973e+00,2.624486923217773438e+00
1.245117187500000000e+00,1.801812797784805298e-01,-1.472302675247192383e+00,1.641601562500000000e+00,2.530594766139984131e-01,-1.042115688323974609e+00,1.023437500000000000e+00,6.291695833206176758e-01,-1.108129858970642090e+00
1.689453125000000000e+00,-2.203192234039306641e+00,1.797814488410949707e+00,1.379882812500000000e+00,-2.121891021728515625e+00,2.157871246337890625e+00,5.224609375000000000e-01,-2.407727241516113281e+00,2.541967153549194336e+00
9.067382812500000000e-01,-1.603320360183715820e+00,9.607626199722290039e-01,3.840332031250000000e-01,-1.870845675468444824e+00,-2.283310443162918091e-01,6.054687500000000000e-01,-1.660634160041809082e+00,4.708210527896881104e-01
4.782714843750000000e-01,-8.001953363418579102e-01,1.645953297615051270e+00,6.127929687500000000e-01,-5.337687134742736816e-01,1.528763532638549805e+00,1.283203125000000000e+00,-1.594897359609603882e-01,9.305047392845153809e-01
2.023437500000000000e+00,-8.241828680038452148e-01,-4.955180883407592773e-01,3.720703125000000000e-01,-1.414166688919067383e+00,-4.072426259517669678e-01,9.379882812500000000e-01,-6.584673523902893066e-01,-1.029239773750305176e+00
2.663574218750000000e-01,6.588335633277893066e-01,5.124205946922302246e-01,4.333496093750000000e-01,6.485793590545654297e-01,-1.425820469856262207e+00,5.634765625000000000e-01,1.593615531921386719e+00,-1.628961443901062012e+00
3.154296875000000000e-01,4.782860875129699707e-01,9.428967833518981934e-01,2.568359375000000000e-01,1.974486470222473145e+00,2.897454500198364258e+00,7.739257812500000000e-01,1.116794347763061523e+00,2.620287179946899414e+00
1.208984375000000000e+00,2.384105920791625977e+00,-1.997123122215270996e+00,1.219726562500000000e+00,1.795770168304443359e+00,-1.968997478485107422e+00,1.017578125000000000e+00,2.127017974853515625e+00,-1.466734290122985840e+00
3.891601562500000000e-01,9.992370605468750000e-01,-2.652233123779296875e+00,2.642578125000000000e+00,1.665211915969848633e+00,3.103125810623168945e+00,1.316406250000000000e+00,1.834223508834838867e+00,3.095594882965087891e+00
1.730468750000000000e+00,-2.203192234039306641e+00,1.799170494079589844e+00,1.351562500000000000e+00,-2.121707916259765625e+00,2.159238338470458984e+00,5.244140625000000000e-01,-2.406994819641113281e+00,2.541088104248046875e+00
7.460937500000000000e-01,-9.900814890861511230e-01,1.870362401008605957e+00,5.502929687500000000e-01,-9.706717133522033691e-01,2.997547149658203125e+00,8.085937500000000000e-01,-1.071565866470336914e+00,-3.070984363555908203e+00
9.077148437500000000e-01,-1.603137254714965820e+00,9.610556364059448242e-01,4.079589843750000000e-01,-1.867366552352905273e+00,-2.352571189403533936e-01,6.044921875000000000e-01,-1.663014650344848633e+00,4.705280959606170654e-01
2.326171875000000000e+00,2.059999465942382812e+00,-2.147726058959960938e+00,6.464843750000000000e-01,1.619983553886413574e+00,-1.791845321655273438e+00,2.666015625000000000e-01,1.495101809501647949e+00,-2.370089292526245117e+00
2.407226562500000000e-01,4.343394339084625244e-01,9.501289725303649902e-01,5.175781250000000000e-01,7.870113253593444824e-01,1.369665741920471191e+00,7.363281250000000000e-01,1.136753439903259277e+00,3.019811630249023438e+00
1.185546875000000000e+00,1.193884134292602539e+00,1.332356691360473633e+00,4.013671875000000000e-01,1.594897270202636719e+00,1.463427543640136719e+00,2.622070312500000000e-01,3.281350135803222656e-01,2.317358732223510742e+00
1.235351562500000000e+00,1.801812797784805298e-01,-1.471619129180908203e+00,1.656250000000000000e+00,2.528763711452484131e-01,-1.040357947349548340e+00,1.026367187500000000e+00,6.302682757377624512e-01,-1.106469511985778809e+00
1.231445312500000000e+00,2.382641077041625977e+00,-1.995756030082702637e+00,1.240234375000000000e+00,1.799066185951232910e+00,-1.972317934036254883e+00,1.049804687500000000e+00,2.126651763916015625e+00,-1.459312677383422852e+00
1.675781250000000000e+00,-2.203924655914306641e+00,1.798693537712097168e+00,1.299804687500000000e+00,-2.122440338134765625e+00,2.163257360458374023e+00,5.126953125000000000e-01,-2.406628608703613281e+00,2.527122735977172852e+00
6.396484375000000000e-01,-7.578966617584228516e-01,-4.601640403270721436e-01,6.230468750000000000e-01,8.954130858182907104e-02,-1.198077440261840820e+00,8.105468750000000000e-01,-3.224585652351379395e-01,-1.344564437866210938e+00
4.721679687500000000e-01,-7.979980111122131348e-01,1.637847542762756348e+00,6.464843750000000000e-01,-5.337687134742736816e-01,1.523880958557128906e+00,1.283203125000000000e+00,-1.594897359609603882e-01,9.304071068763732910e-01
2.663574218750000000e-01,6.595660448074340820e-01,5.124205946922302246e-01,4.348144531250000000e-01,6.527909040451049805e-01,-1.426797032356262207e+00,5.576171875000000000e-01,1.593798637390136719e+00,-1.627887248992919922e+00
3.154296875000000000e-01,4.782860875129699707e-01,9.428967833518981934e-01,2.563476562500000000e-01,1.972838521003723145e+00,2.898528575897216797e+00,7.734375000000000000e-01,1.116611242294311523e+00,2.620970726013183594e+00
1.248046875000000000e+00,1.801812797784805298e-01,-1.472498059272766113e+00,1.641601562500000000e+00,2.530594766139984131e-01,-1.041920423507690430e+00,1.023437500000000000e+00,6.288033723831176758e-01,-1.107739210128784180e+00
3.850097656250000000e-01,1.012421011924743652e+00,-2.643834352493286133e+00,2.248046875000000000e+00,1.663747072219848633e+00,3.105860948562622070e+00,1.347656250000000000e+00,1.833674073219299316e+00,3.099696874618530273e+00
6.440429687500000000e-01,-7.600939869880676270e-01,-4.590897560119628906e-01,6.171875000000000000e-01,9.320352971553802490e-02,-1.197198390960693359e+00,8.168945312500000000e-01,-3.261207938194274902e-01,-1.343587756156921387e+00
9.057617187500000000e-01,-1.603686690330505371e+00,9.607626795768737793e-01,3.842773437500000000e-01,-1.867183446884155273e+00,-2.269638180732727051e-01,5.874023437500000000e-01,-1.662465333938598633e+00,4.734462499618530273e-01
4.721679687500000000e-01,-7.979980111122131348e-01,1.637652277946472168e+00,6.713867187500000000e-01,-5.339518189430236816e-01,1.519974827766418457e+00,1.283203125000000000e+00,-1.596728414297103882e-01,9.304071068763732910e-01
2.403564453125000000e-01,4.235358834266662598e-01,9.417302608489990234e-01,5.166015625000000000e-01,7.849971055984497070e-01,1.377185583114624023e+00,7.309570312500000000e-01,1.136570334434509277e+00,3.022741317749023438e+00
6.069335937500000000e-01,-3.735465556383132935e-02,-1.369274139404296875e+00,2.922363281250000000e-01,1.603686690330505371e+00,-1.832181930541992188e+00,1.365234375000000000e+00,6.522415876388549805e-01,-1.666854977607727051e+00
2.663574218750000000e-01,6.595660448074340820e-01,5.121276378631591797e-01,4.326171875000000000e-01,6.526077985763549805e-01,-1.426406502723693848e+00,5.625000000000000000e-01,1.593798637390136719e+00,-1.628766179084777832e+00
3.100585937500000000e-01,4.810327589511871338e-01,9.511978626251220703e-01,2.592773437500000000e-01,1.984740734100341797e+00,2.902923345565795898e+00,7.670898437500000000e-01,1.113864541053771973e+00,2.619603872299194336e+00
3.642578125000000000e-01,1.017914414405822754e+00,-2.656237125396728516e+00,2.447265625000000000e+00,1.663197755813598633e+00,3.105665445327758789e+00,1.229492187500000000e+00,1.840815424919128418e+00,3.096391439437866211e+00
9.047851562500000000e-01,-1.603503465652465820e+00,9.604697227478027344e-01,3.840332031250000000e-01,-1.867732763290405273e+00,-2.269638180732727051e-01,5.898437500000000000e-01,-1.663197755813598633e+00,4.727625846862792969e-01
4.545898437500000000e-01,-7.972655296325683594e-01,1.633648037910461426e+00,6.118164062500000000e-01,-5.337687134742736816e-01,1.529056549072265625e+00,1.283203125000000000e+00,-1.596728414297103882e-01,9.304071068763732910e-01
2.019531250000000000e+00,-8.241828680038452148e-01,-4.956157803535461426e-01,3.642578125000000000e-01,-1.414899110794067383e+00,-4.039221405982971191e-01,9.365234375000000000e-01,-6.584673523902893066e-01,-1.028849124908447266e+00
2.407226562500000000e-01,4.337900876998901367e-01,9.500312805175781250e-01,5.209960937500000000e-01,7.862789034843444824e-01,1.369861006736755371e+00,7.363281250000000000e-01,1.136936545372009277e+00,3.019909381866455078e+00
5.981445312500000000e-01,-1.430280447006225586e+00,1.163896918296813965e+00,2.358398437500000000e-01,-9.798272848129272461e-01,1.529736518859863281e+00,6.469726562500000000e-01,-1.953428745269775391e+00,2.851712703704833984e-01
2.666015625000000000e-01,6.593829393386840820e-01,5.129089355468750000e-01,4.333496093750000000e-01,6.520584821701049805e-01,-1.426211118698120117e+00,5.620117187500000000e-01,1.593798637390136719e+00,-1.628863811492919922e+00
3.774414062500000000e-01,1.029633522033691406e+00,-2.660143375396728516e+00,2.595703125000000000e+00,1.662282228469848633e+00,3.103118181228637695e+00,1.354492187500000000e+00,1.837336301803588867e+00,3.093544244766235352e+00
6.445312500000000000e-01,-7.600939869880676270e-01,-4.590897560119628906e-01,6.166992187500000000e-01,9.320352971553802490e-02,-1.196905374526977539e+00,8.168945312500000000e-01,-3.261207938194274902e-01,-1.343685388565063477e+00
9.082031250000000000e-01,-1.602954149246215820e+00,9.608603119850158691e-01,3.837890625000000000e-01,-1.867732763290405273e+00,-2.269638180732727051e-01,5.874023437500000000e-01,-1.663563966751098633e+00,4.734462499618530273e-01
4.714355468750000000e-01,-7.979980111122131348e-01,1.637457013130187988e+00,6.123046875000000000e-01,-5.337687134742736816e-01,1.529154181480407715e+00,1.282226562500000000e+00,-1.596728414297103882e-01,9.307978153228759766e-01
2.023437500000000000e+00,-8.241828680038452148e-01,-4.956157803535461426e-01,3.645019531250000000e-01,-1.414716005325317383e+00,-4.034338295459747314e-01,9.389648437500000000e-01,-6.590166687965393066e-01,-1.029532909393310547e+00
3.154296875000000000e-01,4.782860875129699707e-01,9.429944753646850586e-01,2.590332031250000000e-01,1.974486470222473145e+00,2.896575450897216797e+00,7.763671875000000000e-01,1.117526769638061523e+00,2.619701147079467773e+00
1.217773437500000000e+00,2.383739709854125977e+00,-1.997025609016418457e+00,1.219726562500000000e+00,1.795403957366943359e+00,-1.968899726867675781e+00,1.017578125000000000e+00,2.127201080322265625e+00,-1.466539025306701660e+00
1.245117187500000000e+00,1.801812797784805298e-01,-1.472302675247192383e+00,1.644531250000000000e+00,2.530594766139984131e-01,-1.042213439941406250e+00,1.023437500000000000e+00,6.289864778518676758e-01,-1.108129858970642090e+00
9.057617187500000000e-01,-1.603503465652465820e+00,9.607626795768737793e-01,3.840332031250000000e-01,-1.868282079696655273e+00,-2.269638180732727051e-01,6.049804687500000000e-01,-1.663563966751098633e+00,4.704304337501525879e-01
4.736328125000000000e-01,-7.923215627670288086e-01,1.639898538589477539e+00,5.922851562500000000e-01,-5.350505113601684570e-01,1.537345886230468750e+00,1.295898437500000000e+00,-1.591235101222991943e-01,9.317742586135864258e-01
2.337890625000000000e+00,2.060548782348632812e+00,-2.148214340209960938e+00,6.411132812500000000e-01,1.618152379989624023e+00,-1.788427233695983887e+00,2.734375000000000000e-01,1.488692879676818848e+00,-2.381710767745971680e+00
5.629882812500000000e-01,-2.858363687992095947e-01,-6.846944093704223633e-01,5.014648437500000000e-01,1.037507295608520508e+00,-1.812604367733001709e-01,2.043457031250000000e-01,-9.032868146896362305e-01,-5.387840270996093750e-01
3.151855468750000000e-01,4.782860875129699707e-01,9.428967833518981934e-01,2.558593750000000000e-01,1.974303364753723145e+00,2.899602651596069336e+00,7.734375000000000000e-01,1.117526769638061523e+00,2.620775461196899414e+00
1.224609375000000000e+00,2.383739709854125977e+00,-1.996537327766418457e+00,1.221679687500000000e+00,1.795587062835693359e+00,-1.968997478485107422e+00,1.020507812500000000e+00,2.127201080322265625e+00,-1.466539144515991211e+00
1.713867187500000000e+00,-2.203009128570556641e+00,1.798584342002868652e+00,1.349609375000000000e+00,-2.121524810791015625e+00,2.159238338470458984e+00,5.249023437500000000e-01,-2.406811714172363281e+00,2.540697336196899414e+00
6.450195312500000000e-01,-7.736442089080810547e-01,-4.725667238235473633e-01,6.240234375000000000e-01,8.862575143575668335e-02,-1.200030565261840820e+00,8.120117187500000000e-01,-3.257545828819274902e-01,-1.343880653381347656e+00
